1,which,0,0
2,there,0,0
3,their,0,0
4,about,0,0
5,would,0,0
6,these,0,0
7,other,0,0
8,words,0,0
9,could,0,0
10,write,0,0
11,first,0,0
12,water,0,0
13,after,0,0
14,where,0,0
15,right,0,0
16,think,0,0
17,three,0,0
18,years,0,0
19,place,0,0
20,sound,0,0
21,great,0,0
22,again,0,0
23,still,0,0
24,every,0,0
25,small,0,0
26,found,0,0
27,those,0,0
28,never,0,0
29,under,0,0
30,might,0,0
31,while,0,0
32,house,0,0
33,world,0,0
34,below,0,0
35,asked,0,0
36,going,0,0
37,large,0,0
38,until,0,0
39,along,0,0
40,shall,0,0
41,being,0,0
42,often,0,0
43,earth,0,0
44,began,0,0
45,since,0,0
46,study,0,0
47,night,0,0
48,light,0,0
49,above,0,0
50,paper,0,0
51,parts,0,0
52,young,0,0
53,story,0,0
54,point,0,0
55,times,0,0
56,heard,0,0
57,whole,0,0
58,white,0,0
59,given,0,0
60,means,0,0
61,music,0,0
62,miles,0,0
63,thing,0,0
64,today,0,0
65,later,0,0
66,using,0,0
67,money,0,0
68,lines,0,0
69,order,0,0
70,group,0,0
71,among,0,0
72,learn,0,0
73,known,0,0
74,space,0,0
75,table,0,0
76,early,0,0
77,trees,0,0
78,short,0,0
79,hands,0,0
80,state,0,0
81,black,0,0
82,shown,0,0
83,stood,0,0
84,front,0,0
85,voice,0,0
86,kinds,0,0
87,makes,0,0
88,comes,0,0
89,close,0,0
90,power,0,0
91,lived,0,0
92,vowel,0,0
93,taken,0,0
94,built,0,0
95,heart,0,0
96,ready,0,0
97,quite,0,0
98,class,0,0
99,bring,0,0
100,round,0,0
101,horse,0,0
102,shows,0,0
103,piece,0,0
104,green,0,0
105,stand,0,0
106,birds,0,0
107,start,0,0
108,river,0,0
109,tried,0,0
110,least,0,0
111,field,0,0
112,whose,0,0
113,girls,0,0
114,leave,0,0
115,added,0,0
116,color,0,0
117,third,0,0
118,hours,0,0
119,moved,0,0
120,plant,0,0
121,doing,0,0
122,names,0,0
123,forms,0,0
124,heavy,0,0
125,ideas,0,0
126,cried,0,0
127,check,0,0
128,floor,0,0
129,begin,0,0
130,woman,0,0
131,alone,0,0
132,plane,0,0
133,spell,0,0
134,watch,0,0
135,carry,0,0
136,wrote,0,0
137,clear,0,0
138,named,0,0
139,books,0,0
140,child,0,0
141,glass,0,0
142,human,0,0
143,takes,0,0
144,party,0,0
145,build,0,0
146,seems,0,0
147,blood,0,0
148,sides,0,0
149,seven,0,0
150,mouth,0,0
151,solve,0,0
152,north,0,0
153,value,0,0
154,death,0,0
155,maybe,0,0
156,happy,0,0
157,tells,0,0
158,gives,0,0
159,looks,0,0
160,shape,0,0
161,lives,0,0
162,steps,0,0
163,areas,0,0
164,sense,0,0
165,speak,0,0
166,force,0,0
167,ocean,0,0
168,speed,0,0
169,women,0,0
170,metal,0,0
171,south,0,0
172,grass,0,0
173,scale,0,0
174,cells,0,0
175,lower,0,0
176,sleep,0,0
177,wrong,0,0
178,pages,0,0
179,ships,0,0
180,needs,0,0
181,rocks,0,0
182,eight,0,0
183,major,0,0
184,level,0,0
185,total,0,0
186,ahead,0,0
187,reach,0,0
188,stars,0,0
189,store,0,0
190,sight,0,0
191,terms,0,0
192,catch,0,0
193,works,0,0
194,board,0,0
195,cover,0,0
196,songs,0,0
197,equal,0,0
198,stone,0,0
199,waves,0,0
200,guess,0,0
201,dance,0,0
202,spoke,0,0
203,break,0,0
204,cause,0,0
205,radio,0,0
206,weeks,0,0
207,lands,0,0
208,basic,0,0
209,liked,0,0
210,trade,0,0
211,fresh,0,0
212,final,0,0
213,fight,0,0
214,meant,0,0
215,drive,0,0
216,spent,0,0
217,local,0,0
218,waxes,0,0
219,knows,0,0
220,train,0,0
221,bread,0,0
222,homes,0,0
223,teeth,0,0
224,coast,0,0
225,thick,0,0
226,brown,0,0
227,clean,0,0
228,quiet,0,0
229,sugar,0,0
230,facts,0,0
231,steel,0,0
232,forth,0,0
233,rules,0,0
234,notes,0,0
235,units,0,0
236,peace,0,0
237,month,0,0
238,verbs,0,0
239,seeds,0,0
240,helps,0,0
241,sharp,0,0
242,visit,0,0
243,woods,0,0
244,chief,0,0
245,walls,0,0
246,cross,0,0
247,wings,0,0
248,grown,0,0
249,cases,0,0
250,foods,0,0
251,crops,0,0
252,fruit,0,0
253,stick,0,0
254,wants,0,0
255,stage,0,0
256,sheep,0,0
257,nouns,0,0
258,plain,0,0
259,drink,0,0
260,bones,0,0
261,apart,0,0
262,turns,0,0
263,moves,0,0
264,touch,0,0
265,angle,0,0
266,based,0,0
267,range,0,0
268,marks,0,0
269,tired,0,0
270,older,0,0
271,farms,0,0
272,spend,0,0
273,shoes,0,0
274,goods,0,0
275,chair,0,0
276,twice,0,0
277,cents,0,0
278,empty,0,0
279,alike,0,0
280,style,0,0
281,broke,0,0
282,pairs,0,0
283,count,0,0
284,enjoy,0,0
285,score,0,0
286,shore,0,0
287,roots,0,0
288,paint,0,0
289,heads,0,0
290,shook,0,0
291,serve,0,0
292,angry,0,0
293,crowd,0,0
294,wheel,0,0
295,quick,0,0
296,dress,0,0
297,share,0,0
298,alive,0,0
299,noise,0,0
300,solid,0,0
301,cloth,0,0
302,signs,0,0
303,hills,0,0
304,types,0,0
305,drawn,0,0
306,worth,0,0
307,truck,0,0
308,piano,0,0
309,upper,0,0
310,loved,0,0
311,usual,0,0
312,faces,0,0
313,drove,0,0
314,cabin,0,0
315,boats,0,0
316,towns,0,0
317,proud,0,0
318,court,0,0
319,model,0,0
320,prime,0,0
321,fifty,0,0
322,plans,0,0
323,yards,0,0
324,prove,0,0
325,tools,0,0
326,price,0,0
327,sheet,0,0
328,smell,0,0
329,boxes,0,0
330,raise,0,0
331,match,0,0
332,truth,0,0
333,roads,0,0
334,threw,0,0
335,enemy,0,0
336,lunch,0,0
337,chart,0,0
338,scene,0,0
339,graph,0,0
340,doubt,0,0
341,guide,0,0
342,winds,0,0
343,block,0,0
344,grain,0,0
345,smoke,0,0
346,mixed,0,0
347,games,0,0
348,wagon,0,0
349,sweet,0,0
350,topic,0,0
351,extra,0,0
352,plate,0,0
353,title,0,0
354,knife,0,0
355,fence,0,0
356,falls,0,0
357,cloud,0,0
358,wheat,0,0
359,plays,0,0
360,enter,0,0
361,broad,0,0
362,steam,0,0
363,atoms,0,0
364,press,0,0
365,lying,0,0
366,basis,0,0
367,clock,0,0
368,taste,0,0
369,grows,0,0
370,thank,0,0
371,storm,0,0
372,agree,0,0
373,brain,0,0
374,track,0,0
375,smile,0,0
376,funny,0,0
377,beach,0,0
378,stock,0,0
379,hurry,0,0
380,saved,0,0
381,sorry,0,0
382,giant,0,0
383,trail,0,0
384,offer,0,0
385,ought,0,0
386,rough,0,0
387,daily,0,0
388,avoid,0,0
389,keeps,0,0
390,throw,0,0
391,allow,0,0
392,cream,0,0
393,laugh,0,0
394,edges,0,0
395,teach,0,0
396,frame,0,0
397,bells,0,0
398,dream,0,0
399,magic,0,0
400,occur,0,0
401,ended,0,0
402,chord,0,0
403,false,0,0
404,skill,0,0
405,holes,0,0
406,dozen,0,0
407,brave,0,0
408,apple,0,0
409,climb,0,0
410,outer,0,0
411,pitch,0,0
412,ruler,0,0
413,holds,0,0
414,fixed,0,0
415,costs,0,0
416,calls,0,0
417,blank,0,0
418,staff,0,0
419,labor,0,0
420,eaten,0,0
421,youth,0,0
422,tones,0,0
423,honor,0,0
424,globe,0,0
425,gases,0,0
426,doors,0,0
427,poles,0,0
428,loose,0,0
429,apply,0,0
430,tears,0,0
431,exact,0,0
432,brush,0,0
433,chest,0,0
434,layer,0,0
435,whale,0,0
436,minor,0,0
437,faith,0,0
438,tests,0,0
439,judge,0,0
440,items,0,0
441,worry,0,0
442,waste,0,0
443,hoped,0,0
444,strip,0,0
445,begun,0,0
446,aside,0,0
447,lakes,0,0
448,bound,0,0
449,depth,0,0
450,candy,0,0
451,event,0,0
452,worse,0,0
453,aware,0,0
454,shell,0,0
455,rooms,0,0
456,ranch,0,0
457,image,0,0
458,snake,0,0
459,aloud,0,0
460,dried,0,0
461,likes,0,0
462,motor,0,0
463,pound,0,0
464,knees,0,0
465,refer,0,0
466,fully,0,0
467,chain,0,0
468,shirt,0,0
469,flour,0,0
470,drops,0,0
471,spite,0,0
472,orbit,0,0
473,banks,0,0
474,shoot,0,0
475,curve,0,0
476,tribe,0,0
477,tight,0,0
478,blind,0,0
479,slept,0,0
480,shade,0,0
481,claim,0,0
482,flies,0,0
483,theme,0,0
484,queen,0,0
485,fifth,0,0
486,union,0,0
487,hence,0,0
488,straw,0,0
489,entry,0,0
490,issue,0,0
491,birth,0,0
492,feels,0,0
493,anger,0,0
494,brief,0,0
495,rhyme,0,0
496,glory,0,0
497,guard,0,0
498,flows,0,0
499,flesh,0,0
500,owned,0,0
501,trick,0,0
502,yours,0,0
503,sizes,0,0
504,noted,0,0
505,width,0,0
506,burst,0,0
507,route,0,0
508,lungs,0,0
509,uncle,0,0
510,bears,0,0
511,royal,0,0
512,kings,0,0
513,forty,0,0
514,trial,0,0
515,cards,0,0
516,brass,0,0
517,opera,0,0
518,chose,0,0
519,owner,0,0
520,vapor,0,0
521,beats,0,0
522,mouse,0,0
523,tough,0,0
524,wires,0,0
525,meter,0,0
526,tower,0,0
527,finds,0,0
528,inner,0,0
529,stuck,0,0
530,arrow,0,0
531,poems,0,0
532,label,0,0
533,swing,0,0
534,solar,0,0
535,truly,0,0
536,tense,0,0
537,beans,0,0
538,split,0,0
539,rises,0,0
540,weigh,0,0
541,hotel,0,0
542,stems,0,0
543,pride,0,0
544,swung,0,0
545,grade,0,0
546,digit,0,0
547,badly,0,0
548,boots,0,0
549,pilot,0,0
550,sales,0,0
551,swept,0,0
552,lucky,0,0
553,prize,0,0
554,stove,0,0
555,tubes,0,0
556,acres,0,0
557,wound,0,0
558,steep,0,0
559,slide,0,0
560,trunk,0,0
561,error,0,0
562,porch,0,0
563,slave,0,0
564,exist,0,0
565,faced,0,0
566,mines,0,0
567,marry,0,0
568,juice,0,0
569,raced,0,0
570,waved,0,0
571,goose,0,0
572,trust,0,0
573,fewer,0,0
574,favor,0,0
575,mills,0,0
576,views,0,0
577,joint,0,0
578,eager,0,0
579,spots,0,0
580,blend,0,0
581,rings,0,0
582,adult,0,0
583,index,0,0
584,nails,0,0
585,horns,0,0
586,balls,0,0
587,flame,0,0
588,rates,0,0
589,drill,0,0
590,trace,0,0
591,skins,0,0
592,waxed,0,0
593,seats,0,0
594,stuff,0,0
595,ratio,0,0
596,minds,0,0
597,dirty,0,0
598,silly,0,0
599,coins,0,0
600,hello,0,0
601,trips,0,0
602,leads,0,0
603,rifle,0,0
604,hopes,0,0
605,bases,0,0
606,shine,0,0
607,bench,0,0
608,moral,0,0
609,fires,0,0
610,meals,0,0
611,shake,0,0
612,shops,0,0
613,cycle,0,0
614,movie,0,0
615,slope,0,0
616,canoe,0,0
617,teams,0,0
618,folks,0,0
619,fired,0,0
620,bands,0,0
621,thumb,0,0
622,shout,0,0
623,canal,0,0
624,habit,0,0
625,reply,0,0
626,ruled,0,0
627,fever,0,0
628,crust,0,0
629,shelf,0,0
630,walks,0,0
631,midst,0,0
632,crack,0,0
633,print,0,0
634,tales,0,0
635,coach,0,0
636,stiff,0,0
637,flood,0,0
638,verse,0,0
639,awake,0,0
640,rocky,0,0
641,march,0,0
642,fault,0,0
643,swift,0,0
644,faint,0,0
645,civil,0,0
646,ghost,0,0
647,feast,0,0
648,blade,0,0
649,limit,0,0
650,germs,0,0
651,reads,0,0
652,ducks,0,0
653,dairy,0,0
654,worst,0,0
655,gifts,0,0
656,lists,0,0
657,stops,0,0
658,rapid,0,0
659,brick,0,0
660,claws,0,0
661,beads,0,0
662,beast,0,0
663,skirt,0,0
664,cakes,0,0
665,lions,0,0
666,frogs,0,0
667,tries,0,0
668,nerve,0,0
669,grand,0,0
670,armed,0,0
671,treat,0,0
672,honey,0,0
673,moist,0,0
674,legal,0,0
675,penny,0,0
676,crown,0,0
677,shock,0,0
678,taxes,0,0
679,sixty,0,0
680,altar,0,0
681,pulls,0,0
682,sport,0,0
683,drums,0,0
684,talks,0,0
685,dying,0,0
686,dates,0,0
687,drank,0,0
688,blows,0,0
689,lever,0,0
690,wages,0,0
691,proof,0,0
692,drugs,0,0
693,tanks,0,0
694,sings,0,0
695,tails,0,0
696,pause,0,0
697,herds,0,0
698,arose,0,0
699,hated,0,0
700,clues,0,0
701,novel,0,0
702,shame,0,0
703,burnt,0,0
704,races,0,0
705,flash,0,0
706,weary,0,0
707,heels,0,0
708,token,0,0
709,coats,0,0
710,spare,0,0
711,shiny,0,0
712,alarm,0,0
713,dimes,0,0
714,sixth,0,0
715,clerk,0,0
716,mercy,0,0
717,sunny,0,0
718,guest,0,0
719,float,0,0
720,shone,0,0
721,pipes,0,0
722,worms,0,0
723,bills,0,0
724,sweat,0,0
725,suits,0,0
726,smart,0,0
727,upset,0,0
728,rains,0,0
729,sandy,0,0
730,rainy,0,0
731,parks,0,0
732,sadly,0,0
733,fancy,0,0
734,rider,0,0
735,unity,0,0
736,bunch,0,0
737,rolls,0,0
738,crash,0,0
739,craft,0,0
740,newly,0,0
741,gates,0,0
742,hatch,0,0
743,paths,0,0
744,funds,0,0
745,wider,0,0
746,grace,0,0
747,grave,0,0
748,tides,0,0
749,admit,0,0
750,shift,0,0
751,sails,0,0
752,pupil,0,0
753,tiger,0,0
754,angel,0,0
755,cruel,0,0
756,agent,0,0
757,drama,0,0
758,urged,0,0
759,patch,0,0
760,nests,0,0
761,vital,0,0
762,sword,0,0
763,blame,0,0
764,weeds,0,0
765,screw,0,0
766,vocal,0,0
767,bacon,0,0
768,chalk,0,0
769,cargo,0,0
770,crazy,0,0
771,acted,0,0
772,goats,0,0
773,arise,0,0
774,witch,0,0
775,loves,0,0
776,queer,0,0
777,dwell,0,0
778,backs,0,0
779,ropes,0,0
780,shots,0,0
781,merry,0,0
782,phone,0,0
783,cheek,0,0
784,peaks,0,0
785,ideal,0,0
786,beard,0,0
787,eagle,0,0
788,creek,0,0
789,cries,0,0
790,ashes,0,0
791,stall,0,0
792,yield,0,0
793,mayor,0,0
794,opens,0,0
795,input,0,0
796,fleet,0,0
797,tooth,0,0
798,cubic,0,0
799,wives,0,0
800,burns,0,0
801,poets,0,0
802,apron,0,0
803,spear,0,0
804,organ,0,0
805,cliff,0,0
806,stamp,0,0
807,paste,0,0
808,rural,0,0
809,baked,0,0
810,chase,0,0
811,slice,0,0
812,slant,0,0
813,knock,0,0
814,noisy,0,0
815,sorts,0,0
816,stays,0,0
817,wiped,0,0
818,blown,0,0
819,piled,0,0
820,clubs,0,0
821,cheer,0,0
822,widow,0,0
823,twist,0,0
824,tenth,0,0
825,hides,0,0
826,comma,0,0
827,sweep,0,0
828,spoon,0,0
829,stern,0,0
830,crept,0,0
831,maple,0,0
832,deeds,0,0
833,rides,0,0
834,muddy,0,0
835,crime,0,0
836,jelly,0,0
837,ridge,0,0
838,drift,0,0
839,dusty,0,0
840,devil,0,0
841,tempo,0,0
842,humor,0,0
843,sends,0,0
844,steal,0,0
845,tents,0,0
846,waist,0,0
847,roses,0,0
848,reign,0,0
849,noble,0,0
850,cheap,0,0
851,dense,0,0
852,linen,0,0
853,geese,0,0
854,woven,0,0
855,posts,0,0
856,hired,0,0
857,wrath,0,0
858,salad,0,0
859,bowed,0,0
860,tires,0,0
861,shark,0,0
862,belts,0,0
863,grasp,0,0
864,blast,0,0
865,polar,0,0
866,fungi,0,0
867,tends,0,0
868,pearl,0,0
869,loads,0,0
870,jokes,0,0
871,veins,0,0
872,frost,0,0
873,hears,0,0
874,loses,0,0
875,hosts,0,0
876,diver,0,0
877,phase,0,0
878,toads,0,0
879,alert,0,0
880,tasks,0,0
881,seams,0,0
882,coral,0,0
883,focus,0,0
884,naked,0,0
885,puppy,0,0
886,jumps,0,0
887,spoil,0,0
888,quart,0,0
889,macro,0,0
890,fears,0,0
891,flung,0,0
892,spark,0,0
893,vivid,0,0
894,brook,0,0
895,steer,0,0
896,spray,0,0
897,decay,0,0
898,ports,0,0
899,socks,0,0
900,urban,0,0
901,goals,0,0
902,grant,0,0
903,minus,0,0
904,films,0,0
905,tunes,0,0
906,shaft,0,0
907,firms,0,0
908,skies,0,0
909,bride,0,0
910,wreck,0,0
911,flock,0,0
912,stare,0,0
913,hobby,0,0
914,bonds,0,0
915,dared,0,0
916,faded,0,0
917,thief,0,0
918,crude,0,0
919,pants,0,0
920,flute,0,0
921,votes,0,0
922,tonal,0,0
923,radar,0,0
924,wells,0,0
925,skull,0,0
926,hairs,0,0
927,argue,0,0
928,wears,0,0
929,dolls,0,0
930,voted,0,0
931,caves,0,0
932,cared,0,0
933,broom,0,0
934,scent,0,0
935,panel,0,0
936,fairy,0,0
937,olive,0,0
938,bends,0,0
939,prism,0,0
940,lamps,0,0
941,cable,0,0
942,peach,0,0
943,ruins,0,0
944,rally,0,0
945,schwa,0,0
946,lambs,0,0
947,sells,0,0
948,cools,0,0
949,draft,0,0
950,charm,0,0
951,limbs,0,0
952,brake,0,0
953,gazed,0,0
954,cubes,0,0
955,delay,0,0
956,beams,0,0
957,fetch,0,0
958,ranks,0,0
959,array,0,0
960,harsh,0,0
961,camel,0,0
962,vines,0,0
963,picks,0,0
964,naval,0,0
965,purse,0,0
966,rigid,0,0
967,crawl,0,0
968,toast,0,0
969,soils,0,0
970,sauce,0,0
971,basin,0,0
972,ponds,0,0
973,twins,0,0
974,wrist,0,0
975,fluid,0,0
976,pools,0,0
977,brand,0,0
978,stalk,0,0
979,robot,0,0
980,reeds,0,0
981,hoofs,0,0
982,buses,0,0
983,sheer,0,0
984,grief,0,0
985,bloom,0,0
986,dwelt,0,0
987,melts,0,0
988,risen,0,0
989,flags,0,0
990,knelt,0,0
991,fiber,0,0
992,roofs,0,0
993,freed,0,0
994,armor,0,0
995,piles,0,0
996,aimed,0,0
997,algae,0,0
998,twigs,0,0
999,lemon,0,0
1000,ditch,0,0
1001,drunk,0,0
1002,rests,0,0
1003,chill,0,0
1004,slain,0,0
1005,panic,0,0
1006,cords,0,0
1007,tuned,0,0
1008,crisp,0,0
1009,ledge,0,0
1010,dived,0,0
1011,swamp,0,0
1012,clung,0,0
1013,stole,0,0
1014,molds,0,0
1015,yarns,0,0
1016,liver,0,0
1017,gauge,0,0
1018,breed,0,0
1019,stool,0,0
1020,gulls,0,0
1021,awoke,0,0
1022,gross,0,0
1023,diary,0,0
1024,rails,0,0
1025,belly,0,0
1026,trend,0,0
1027,flask,0,0
1028,stake,0,0
1029,fried,0,0
1030,draws,0,0
1031,actor,0,0
1032,handy,0,0
1033,bowls,0,0
1034,haste,0,0
1035,scope,0,0
1036,deals,0,0
1037,knots,0,0
1038,moons,0,0
1039,essay,0,0
1040,thump,0,0
1041,hangs,0,0
1042,bliss,0,0
1043,dealt,0,0
1044,gains,0,0
1045,bombs,0,0
1046,clown,0,0
1047,palms,0,0
1048,cones,0,0
1049,roast,0,0
1050,tidal,0,0
1051,bored,0,0
1052,chant,0,0
1053,acids,0,0
1054,dough,0,0
1055,camps,0,0
1056,swore,0,0
1057,lover,0,0
1058,hooks,0,0
1059,males,0,0
1060,cocoa,0,0
1061,punch,0,0
1062,award,0,0
1063,reins,0,0
1064,ninth,0,0
1065,noses,0,0
1066,links,0,0
1067,drain,0,0
1068,fills,0,0
1069,nylon,0,0
1070,lunar,0,0
1071,pulse,0,0
1072,flown,0,0
1073,elbow,0,0
1074,fatal,0,0
1075,sites,0,0
1076,moths,0,0
1077,meats,0,0
1078,foxes,0,0
1079,mined,0,0
1080,attic,0,0
1081,fiery,0,0
1082,mount,0,0
1083,usage,0,0
1084,swear,0,0
1085,snowy,0,0
1086,rusty,0,0
1087,scare,0,0
1088,traps,0,0
1089,relax,0,0
1090,react,0,0
1091,valid,0,0
1092,robin,0,0
1093,cease,0,0
1094,gills,0,0
1095,prior,0,0
1096,safer,0,0
1097,polio,0,0
1098,loyal,0,0
1099,swell,0,0
1100,salty,0,0
1101,marsh,0,0
1102,vague,0,0
1103,weave,0,0
1104,mound,0,0
1105,seals,0,0
1106,mules,0,0
1107,virus,0,0
1108,scout,0,0
1109,acute,0,0
1110,windy,0,0
1111,stout,0,0
1112,folds,0,0
1113,seize,0,0
1114,hilly,0,0
1115,joins,0,0
1116,pluck,0,0
1117,stack,0,0
1118,lords,0,0
1119,dunes,0,0
1120,burro,0,0
1121,hawks,0,0
1122,trout,0,0
1123,feeds,0,0
1124,scarf,0,0
1125,halls,0,0
1126,coals,0,0
1127,towel,0,0
1128,souls,0,0
1129,elect,0,0
1130,buggy,0,0
1131,pumps,0,0
1132,loans,0,0
1133,spins,0,0
1134,files,0,0
1135,oxide,0,0
1136,pains,0,0
1137,photo,0,0
1138,rival,0,0
1139,flats,0,0
1140,syrup,0,0
1141,rodeo,0,0
1142,sands,0,0
1143,moose,0,0
1144,pints,0,0
1145,curly,0,0
1146,comic,0,0
1147,cloak,0,0
1148,onion,0,0
1149,clams,0,0
1150,scrap,0,0
1151,didst,0,0
1152,couch,0,0
1153,codes,0,0
1154,fails,0,0
1155,ounce,0,0
1156,lodge,0,0
1157,greet,0,0
1158,gypsy,0,0
1159,utter,0,0
1160,paved,0,0
1161,zones,0,0
1162,fours,0,0
1163,alley,0,0
1164,tiles,0,0
1165,bless,0,0
1166,crest,0,0
1167,elder,0,0
1168,kills,0,0
1169,yeast,0,0
1170,erect,0,0
1171,bugle,0,0
1172,medal,0,0
1173,roles,0,0
1174,hound,0,0
1175,snail,0,0
1176,alter,0,0
1177,ankle,0,0
1178,relay,0,0
1179,loops,0,0
1180,zeros,0,0
1181,bites,0,0
1182,modes,0,0
1183,debts,0,0
1184,realm,0,0
1185,glove,0,0
1186,rayon,0,0
1187,swims,0,0
1188,poked,0,0
1189,stray,0,0
1190,lifts,0,0
1191,maker,0,0
1192,lumps,0,0
1193,graze,0,0
1194,dread,0,0
1195,barns,0,0
1196,docks,0,0
1197,masts,0,0
1198,pours,0,0
1199,wharf,0,0
1200,curse,0,0
1201,plump,0,0
1202,robes,0,0
1203,seeks,0,0
1204,cedar,0,0
1205,curls,0,0
1206,jolly,0,0
1207,myths,0,0
1208,cages,0,0
1209,gloom,0,0
1210,locks,0,0
1211,pedal,0,0
1212,beets,0,0
1213,crows,0,0
1214,anode,0,0
1215,slash,0,0
1216,creep,0,0
1217,rowed,0,0
1218,chips,0,0
1219,fists,0,0
1220,wines,0,0
1221,cares,0,0
1222,valve,0,0
1223,newer,0,0
1224,motel,0,0
1225,ivory,0,0
1226,necks,0,0
1227,clamp,0,0
1228,barge,0,0
1229,blues,0,0
1230,alien,0,0
1231,frown,0,0
1232,strap,0,0
1233,crews,0,0
1234,shack,0,0
1235,gonna,0,0
1236,saves,0,0
1237,stump,0,0
1238,ferry,0,0
1239,idols,0,0
1240,cooks,0,0
1241,juicy,0,0
1242,glare,0,0
1243,carts,0,0
1244,alloy,0,0
1245,bulbs,0,0
1246,lawns,0,0
1247,lasts,0,0
1248,fuels,0,0
1249,oddly,0,0
1250,crane,0,0
1251,filed,0,0
1252,weird,0,0
1253,shawl,0,0
1254,slips,0,0
1255,troop,0,0
1256,bolts,0,0
1257,suite,0,0
1258,sleek,0,0
1259,quilt,0,0
1260,tramp,0,0
1261,blaze,0,0
1262,atlas,0,0
1263,odors,0,0
1264,scrub,0,0
1265,crabs,0,0
1266,probe,0,0
1267,logic,0,0
1268,adobe,0,0
1269,exile,0,0
1270,rebel,0,0
1271,grind,0,0
1272,sting,0,0
1273,spine,0,0
1274,cling,0,0
1275,desks,0,0
1276,grove,0,0
1277,leaps,0,0
1278,prose,0,0
1279,lofty,0,0
1280,agony,0,0
1281,snare,0,0
1282,tusks,0,0
1283,bulls,0,0
1284,moods,0,0
1285,humid,0,0
1286,finer,0,0
1287,dimly,0,0
1288,plank,0,0
1289,china,0,0
1290,pines,0,0
1291,guilt,0,0
1292,sacks,0,0
1293,brace,0,0
1294,quote,0,0
1295,lathe,0,0
1296,gaily,0,0
1297,fonts,0,0
1298,scalp,0,0
1299,adopt,0,0
1300,foggy,0,0
1301,ferns,0,0
1302,grams,0,0
1303,clump,0,0
1304,perch,0,0
1305,tumor,0,0
1306,teens,0,0
1307,crank,0,0
1308,fable,0,0
1309,hedge,0,0
1310,genes,0,0
1311,sober,0,0
1312,boast,0,0
1313,tract,0,0
1314,cigar,0,0
1315,unite,0,0
1316,owing,0,0
1317,thigh,0,0
1318,haiku,0,0
1319,swish,0,0
1320,dikes,0,0
1321,wedge,0,0
1322,booth,0,0
1323,eased,0,0
1324,frail,0,0
1325,cough,0,0
1326,tombs,0,0
1327,darts,0,0
1328,forts,0,0
1329,choir,0,0
1330,pouch,0,0
1331,pinch,0,0
1332,hairy,0,0
1333,buyer,0,0
1334,torch,0,0
1335,vigor,0,0
1336,waltz,0,0
1337,heats,0,0
1338,herbs,0,0
1339,users,0,0
1340,flint,0,0
1341,click,0,0
1342,madam,0,0
1343,bleak,0,0
1344,blunt,0,0
1345,aided,0,0
1346,lacks,0,0
1347,masks,0,0
1348,waded,0,0
1349,risks,0,0
1350,nurse,0,0
1351,chaos,0,0
1352,sewed,0,0
1353,cured,0,0
1354,ample,0,0
1355,lease,0,0
1356,steak,0,0
1357,sinks,0,0
1358,merit,0,0
1359,bluff,0,0
1360,bathe,0,0
1361,gleam,0,0
1362,bonus,0,0
1363,colts,0,0
1364,shear,0,0
1365,gland,0,0
1366,silky,0,0
1367,skate,0,0
1368,birch,0,0
1369,anvil,0,0
1370,sleds,0,0
1371,groan,0,0
1372,maids,0,0
1373,meets,0,0
1374,speck,0,0
1375,hymns,0,0
1376,hints,0,0
1377,drown,0,0
1378,bosom,0,0
1379,slick,0,0
1380,quest,0,0
1381,coils,0,0
1382,spied,0,0
1383,snows,0,0
1384,stead,0,0
1385,snack,0,0
1386,plows,0,0
1387,blond,0,0
1388,tamed,0,0
1389,thorn,0,0
1390,waits,0,0
1391,glued,0,0
1392,banjo,0,0
1393,tease,0,0
1394,arena,0,0
1395,bulky,0,0
1396,carve,0,0
1397,stunt,0,0
1398,warms,0,0
1399,shady,0,0
1400,razor,0,0
1401,folly,0,0
1402,leafy,0,0
1403,notch,0,0
1404,fools,0,0
1405,otter,0,0
1406,pears,0,0
1407,flush,0,0
1408,genus,0,0
1409,ached,0,0
1410,fives,0,0
1411,flaps,0,0
1412,spout,0,0
1413,smote,0,0
1414,fumes,0,0
1415,adapt,0,0
1416,cuffs,0,0
1417,tasty,0,0
1418,stoop,0,0
1419,clips,0,0
1420,disks,0,0
1421,sniff,0,0
1422,lanes,0,0
1423,brisk,0,0
1424,imply,0,0
1425,demon,0,0
1426,super,0,0
1427,furry,0,0
1428,raged,0,0
1429,growl,0,0
1430,texts,0,0
1431,hardy,0,0
1432,stung,0,0
1433,typed,0,0
1434,hates,0,0
1435,wiser,0,0
1436,timid,0,0
1437,serum,0,0
1438,beaks,0,0
1439,rotor,0,0
1440,casts,0,0
1441,baths,0,0
1442,glide,0,0
1443,plots,0,0
1444,trait,0,0
1445,resin,0,0
1446,slums,0,0
1447,lyric,0,0
1448,puffs,0,0
1449,decks,0,0
1450,brood,0,0
1451,mourn,0,0
1452,aloft,0,0
1453,abuse,0,0
1454,whirl,0,0
1455,edged,0,0
1456,ovary,0,0
1457,quack,0,0
1458,heaps,0,0
1459,slang,0,0
1460,await,0,0
1461,civic,0,0
1462,saint,0,0
1463,bevel,0,0
1464,sonar,0,0
1465,aunts,0,0
1466,packs,0,0
1467,froze,0,0
1468,tonic,0,0
1469,corps,0,0
1470,swarm,0,0
1471,frank,0,0
1472,repay,0,0
1473,gaunt,0,0
1474,wired,0,0
1475,niece,0,0
1476,cello,0,0
1477,needy,0,0
1478,chuck,0,0
1479,stony,0,0
1480,media,0,0
1481,surge,0,0
1482,hurts,0,0
1483,repel,0,0
1484,husky,0,0
1485,dated,0,0
1486,hunts,0,0
1487,mists,0,0
1488,exert,0,0
1489,dries,0,0
1490,mates,0,0
1491,sworn,0,0
1492,baker,0,0
1493,spice,0,0
1494,oasis,0,0
1495,boils,0,0
1496,spurs,0,0
1497,doves,0,0
1498,sneak,0,0
1499,paces,0,0
1500,colon,0,0
1501,siege,0,0
1502,strum,0,0
1503,drier,0,0
1504,cacao,0,0
1505,humus,0,0
1506,bales,0,0
1507,piped,0,0
1508,nasty,0,0
1509,rinse,0,0
1510,boxer,0,0
1511,shrub,0,0
1512,amuse,0,0
1513,tacks,0,0
1514,cited,0,0
1515,slung,0,0
1516,delta,0,0
1517,laden,0,0
1518,larva,0,0
1519,rents,0,0
1520,yells,0,0
1521,spool,0,0
1522,spill,0,0
1523,crush,0,0
1524,jewel,0,0
1525,snaps,0,0
1526,stain,0,0
1527,kicks,0,0
1528,tying,0,0
1529,slits,0,0
1530,rated,0,0
1531,eerie,0,0
1532,smash,0,0
1533,plums,0,0
1534,zebra,0,0
1535,earns,0,0
1536,bushy,0,0
1537,scary,0,0
1538,squad,0,0
1539,tutor,0,0
1540,silks,0,0
1541,slabs,0,0
1542,bumps,0,0
1543,evils,0,0
1544,fangs,0,0
1545,snout,0,0
1546,peril,0,0
1547,pivot,0,0
1548,yacht,0,0
1549,lobby,0,0
1550,jeans,0,0
1551,grins,0,0
1552,viola,0,0
1553,liner,0,0
1554,comet,0,0
1555,scars,0,0
1556,chops,0,0
1557,raids,0,0
1558,eater,0,0
1559,slate,0,0
1560,skips,0,0
1561,soles,0,0
1562,misty,0,0
1563,urine,0,0
1564,knobs,0,0
1565,sleet,0,0
1566,holly,0,0
1567,pests,0,0
1568,forks,0,0
1569,grill,0,0
1570,trays,0,0
1571,pails,0,0
1572,borne,0,0
1573,tenor,0,0
1574,wares,0,0
1575,carol,0,0
1576,woody,0,0
1577,canon,0,0
1578,wakes,0,0
1579,kitty,0,0
1580,miner,0,0
1581,polls,0,0
1582,shaky,0,0
1583,nasal,0,0
1584,scorn,0,0
1585,chess,0,0
1586,taxis,0,0
1587,crate,0,0
1588,shyly,0,0
1589,tulip,0,0
1590,forge,0,0
1591,nymph,0,0
1592,budge,0,0
1593,lowly,0,0
1594,abide,0,0
1595,depot,0,0
1596,oases,0,0
1597,asses,0,0
1598,sheds,0,0
1599,fudge,0,0
1600,pills,0,0
1601,rivet,0,0
1602,thine,0,0
1603,groom,0,0
1604,lanky,0,0
1605,boost,0,0
1606,broth,0,0
1607,heave,0,0
1608,gravy,0,0
1609,beech,0,0
1610,timed,0,0
1611,quail,0,0
1612,inert,0,0
1613,gears,0,0
1614,chick,0,0
1615,hinge,0,0
1616,trash,0,0
1617,clash,0,0
1618,sighs,0,0
1619,renew,0,0
1620,bough,0,0
1621,dwarf,0,0
1622,slows,0,0
1623,quill,0,0
1624,shave,0,0
1625,spore,0,0
1626,sixes,0,0
1627,chunk,0,0
1628,madly,0,0
1629,paced,0,0
1630,braid,0,0
1631,fuzzy,0,0
1632,motto,0,0
1633,spies,0,0
1634,slack,0,0
1635,mucus,0,0
1636,magma,0,0
1637,awful,0,0
1638,discs,0,0
1639,erase,0,0
1640,posed,0,0
1641,asset,0,0
1642,cider,0,0
1643,taper,0,0
1644,theft,0,0
1645,churn,0,0
1646,satin,0,0
1647,slots,0,0
1648,taxed,0,0
1649,bully,0,0
1650,sloth,0,0
1651,shale,0,0
1652,tread,0,0
1653,raked,0,0
1654,curds,0,0
1655,manor,0,0
1656,aisle,0,0
1657,bulge,0,0
1658,loins,0,0
1659,stair,0,0
1660,tapes,0,0
1661,leans,0,0
1662,bunks,0,0
1663,squat,0,0
1664,towed,0,0
1665,lance,0,0
1666,panes,0,0
1667,sakes,0,0
1668,heirs,0,0
1669,caste,0,0
1670,dummy,0,0
1671,pores,0,0
1672,fauna,0,0
1673,crook,0,0
1674,poise,0,0
1675,epoch,0,0
1676,risky,0,0
1677,warns,0,0
1678,fling,0,0
1679,berry,0,0
1680,grape,0,0
1681,flank,0,0
1682,drags,0,0
1683,squid,0,0
1684,pelts,0,0
1685,icing,0,0
1686,irony,0,0
1687,irons,0,0
1688,barks,0,0
1689,whoop,0,0
1690,choke,0,0
1691,diets,0,0
1692,whips,0,0
1693,tally,0,0
1694,dozed,0,0
1695,twine,0,0
1696,kites,0,0
1697,bikes,0,0
1698,ticks,0,0
1699,riots,0,0
1700,roars,0,0
1701,vault,0,0
1702,looms,0,0
1703,scold,0,0
1704,blink,0,0
1705,dandy,0,0
1706,pupae,0,0
1707,sieve,0,0
1708,spike,0,0
1709,ducts,0,0
1710,lends,0,0
1711,pizza,0,0
1712,brink,0,0
1713,widen,0,0
1714,plumb,0,0
1715,pagan,0,0
1716,feats,0,0
1717,bison,0,0
1718,soggy,0,0
1719,scoop,0,0
1720,argon,0,0
1721,nudge,0,0
1722,skiff,0,0
1723,amber,0,0
1724,sexes,0,0
1725,rouse,0,0
1726,salts,0,0
1727,hitch,0,0
1728,exalt,0,0
1729,leash,0,0
1730,dined,0,0
1731,chute,0,0
1732,snort,0,0
1733,gusts,0,0
1734,melon,0,0
1735,cheat,0,0
1736,reefs,0,0
1737,llama,0,0
1738,lasso,0,0
1739,debut,0,0
1740,quota,0,0
1741,oaths,0,0
1742,prone,0,0
1743,mixes,0,0
1744,rafts,0,0
1745,dives,0,0
1746,stale,0,0
1747,inlet,0,0
1748,flick,0,0
1749,pinto,0,0
1750,brows,0,0
1751,untie,0,0
1752,batch,0,0
1753,greed,0,0
1754,chore,0,0
1755,stirs,0,0
1756,blush,0,0
1757,onset,0,0
1758,barbs,0,0
1759,volts,0,0
1760,beige,0,0
1761,swoop,0,0
1762,paddy,0,0
1763,laced,0,0
1764,shove,0,0
1765,jerky,0,0
1766,poppy,0,0
1767,leaks,0,0
1768,fares,0,0
1769,dodge,0,0
1770,godly,0,0
1771,squaw,0,0
1772,affix,0,0
1773,brute,0,0
1774,nicer,0,0
1775,undue,0,0
1776,snarl,0,0
1777,merge,0,0
1778,doses,0,0
1779,showy,0,0
1780,daddy,0,0
1781,roost,0,0
1782,vases,0,0
1783,swirl,0,0
1784,petty,0,0
1785,colds,0,0
1786,curry,0,0
1787,cobra,0,0
1788,genie,0,0
1789,flare,0,0
1790,messy,0,0
1791,cores,0,0
1792,soaks,0,0
1793,ripen,0,0
1794,whine,0,0
1795,amino,0,0
1796,plaid,0,0
1797,spiny,0,0
1798,mowed,0,0
1799,baton,0,0
1800,peers,0,0
1801,vowed,0,0
1802,pious,0,0
1803,swans,0,0
1804,exits,0,0
1805,afoot,0,0
1806,plugs,0,0
1807,idiom,0,0
1808,chili,0,0
1809,rites,0,0
1810,serfs,0,0
1811,cleft,0,0
1812,berth,0,0
1813,grubs,0,0
1814,annex,0,0
1815,dizzy,0,0
1816,hasty,0,0
1817,latch,0,0
1818,wasps,0,0
1819,mirth,0,0
1820,baron,0,0
1821,plead,0,0
1822,aloof,0,0
1823,aging,0,0
1824,pixel,0,0
1825,bared,0,0
1826,mummy,0,0
1827,hotly,0,0
1828,auger,0,0
1829,buddy,0,0
1830,chaps,0,0
1831,badge,0,0
1832,stark,0,0
1833,fairs,0,0
1834,gully,0,0
1835,mumps,0,0
1836,emery,0,0
1837,filly,0,0
1838,ovens,0,0
1839,drone,0,0
1840,gauze,0,0
1841,idiot,0,0
1842,fussy,0,0
1843,annoy,0,0
1844,shank,0,0
1845,gouge,0,0
1846,bleed,0,0
1847,elves,0,0
1848,roped,0,0
1849,unfit,0,0
1850,baggy,0,0
1851,mower,0,0
1852,scant,0,0
1853,grabs,0,0
1854,fleas,0,0
1855,lousy,0,0
1856,album,0,0
1857,sawed,0,0
1858,cooky,0,0
1859,murky,0,0
1860,infer,0,0
1861,burly,0,0
1862,waged,0,0
1863,dingy,0,0
1864,brine,0,0
1865,kneel,0,0
1866,creak,0,0
1867,vanes,0,0
1868,smoky,0,0
1869,spurt,0,0
1870,combs,0,0
1871,easel,0,0
1872,laces,0,0
1873,humps,0,0
1874,rumor,0,0
1875,aroma,0,0
1876,horde,0,0
1877,swiss,0,0
1878,leapt,0,0
1879,opium,0,0
1880,slime,0,0
1881,afire,0,0
1882,pansy,0,0
1883,mares,0,0
1884,soaps,0,0
1885,husks,0,0
1886,snips,0,0
1887,hazel,0,0
1888,lined,0,0
1889,cafes,0,0
1890,naive,0,0
1891,wraps,0,0
1892,sized,0,0
1893,piers,0,0
1894,beset,0,0
1895,agile,0,0
1896,tongs,0,0
1897,steed,0,0
1898,fraud,0,0
1899,booty,0,0
1900,valor,0,0
1901,downy,0,0
1902,witty,0,0
1903,mossy,0,0
1904,psalm,0,0
1905,scuba,0,0
1906,tours,0,0
1907,polka,0,0
1908,milky,0,0
1909,gaudy,0,0
1910,shrug,0,0
1911,tufts,0,0
1912,wilds,0,0
1913,laser,0,0
1914,truss,0,0
1915,hares,0,0
1916,creed,0,0
1917,lilac,0,0
1918,siren,0,0
1919,tarry,0,0
1920,bribe,0,0
1921,swine,0,0
1922,muted,0,0
1923,flips,0,0
1924,cures,0,0
1925,sinew,0,0
1926,boxed,0,0
1927,hoops,0,0
1928,gasps,0,0
1929,hoods,0,0
1930,niche,0,0
1931,yucca,0,0
1932,glows,0,0
1933,sewer,0,0
1934,whack,0,0
1935,fuses,0,0
1936,gowns,0,0
1937,droop,0,0
1938,bucks,0,0
1939,pangs,0,0
1940,mails,0,0
1941,whisk,0,0
1942,haven,0,0
1943,clasp,0,0
1944,sling,0,0
1945,stint,0,0
1946,urges,0,0
1947,champ,0,0
1948,piety,0,0
1949,chirp,0,0
1950,pleat,0,0
1951,posse,0,0
1952,sunup,0,0
1953,menus,0,0
1954,howls,0,0
1955,quake,0,0
1956,knack,0,0
1957,plaza,0,0
1958,fiend,0,0
1959,caked,0,0
1960,bangs,0,0
1961,erupt,0,0
1962,poker,0,0
1963,olden,0,0
1964,cramp,0,0
1965,voter,0,0
1966,poses,0,0
1967,manly,0,0
1968,slump,0,0
1969,fined,0,0
1970,grips,0,0
1971,gaped,0,0
1972,purge,0,0
1973,hiked,0,0
1974,maize,0,0
1975,fluff,0,0
1976,strut,0,0
1977,sloop,0,0
1978,prowl,0,0
1979,roach,0,0
1980,cocks,0,0
1981,bland,0,0
1982,dials,0,0
1983,plume,0,0
1984,slaps,0,0
1985,soups,0,0
1986,dully,0,0
1987,wills,0,0
1988,foams,0,0
1989,solos,0,0
1990,skier,0,0
1991,eaves,0,0
1992,totem,0,0
1993,fused,0,0
1994,latex,0,0
1995,veils,0,0
1996,mused,0,0
1997,mains,0,0
1998,myrrh,0,0
1999,racks,0,0
2000,galls,0,0
2001,gnats,0,0
2002,bouts,0,0
2003,sisal,0,0
2004,shuts,0,0
2005,hoses,0,0
2006,dryly,0,0
2007,hover,0,0
2008,gloss,0,0
2009,seeps,0,0
2010,denim,0,0
2011,putty,0,0
2012,guppy,0,0
2013,leaky,0,0
2014,dusky,0,0
2015,filth,0,0
2016,oboes,0,0
2017,spans,0,0
2018,fowls,0,0
2019,adorn,0,0
2020,glaze,0,0
2021,haunt,0,0
2022,dares,0,0
2023,obeys,0,0
2024,bakes,0,0
2025,abyss,0,0
2026,smelt,0,0
2027,gangs,0,0
2028,aches,0,0
2029,trawl,0,0
2030,claps,0,0
2031,undid,0,0
2032,spicy,0,0
2033,hoist,0,0
2034,fades,0,0
2035,vicar,0,0
2036,acorn,0,0
2037,pussy,0,0
2038,gruff,0,0
2039,musty,0,0
2040,tarts,0,0
2041,snuff,0,0
2042,hunch,0,0
2043,truce,0,0
2044,tweed,0,0
2045,dryer,0,0
2046,loser,0,0
2047,sheaf,0,0
2048,moles,0,0
2049,lapse,0,0
2050,tawny,0,0
2051,vexed,0,0
2052,autos,0,0
2053,wager,0,0
2054,domes,0,0
2055,sheen,0,0
2056,clang,0,0
2057,spade,0,0
2058,sowed,0,0
2059,broil,0,0
2060,slyly,0,0
2061,studs,0,0
2062,grunt,0,0
2063,donor,0,0
2064,slugs,0,0
2065,aspen,0,0
2066,homer,0,0
2067,croak,0,0
2068,tithe,0,0
2069,halts,0,0
2070,avert,0,0
2071,havoc,0,0
2072,hogan,0,0
2073,glint,0,0
2074,ruddy,0,0
2075,jeeps,0,0
2076,flaky,0,0
2077,ladle,0,0
2078,taunt,0,0
2079,snore,0,0
2080,fines,0,0
2081,props,0,0
2082,prune,0,0
2083,pesos,0,0
2084,radii,0,0
2085,pokes,0,0
2086,tiled,0,0
2087,daisy,0,0
2088,heron,0,0
2089,villa,0,0
2090,farce,0,0
2091,binds,0,0
2092,cites,0,0
2093,fixes,0,0
2094,jerks,0,0
2095,livid,0,0
2096,waked,0,0
2097,inked,0,0
2098,booms,0,0
2099,chews,0,0
2100,licks,0,0
2101,hyena,0,0
2102,scoff,0,0
2103,lusty,0,0
2104,sonic,0,0
2105,smith,0,0
2106,usher,0,0
2107,tucks,0,0
2108,vigil,0,0
2109,molts,0,0
2110,sects,0,0
2111,spars,0,0
2112,dumps,0,0
2113,scaly,0,0
2114,wisps,0,0
2115,sores,0,0
2116,mince,0,0
2117,panda,0,0
2118,flier,0,0
2119,axles,0,0
2120,plied,0,0
2121,booby,0,0
2122,patio,0,0
2123,rabbi,0,0
2124,petal,0,0
2125,polyp,0,0
2126,tints,0,0
2127,grate,0,0
2128,troll,0,0
2129,tolls,0,0
2130,relic,0,0
2131,phony,0,0
2132,bleat,0,0
2133,flaws,0,0
2134,flake,0,0
2135,snags,0,0
2136,aptly,0,0
2137,drawl,0,0
2138,ulcer,0,0
2139,soapy,0,0
2140,bossy,0,0
2141,monks,0,0
2142,crags,0,0
2143,caged,0,0
2144,twang,0,0
2145,diner,0,0
2146,taped,0,0
2147,cadet,0,0
2148,grids,0,0
2149,spawn,0,0
2150,guile,0,0
2151,noose,0,0
2152,mores,0,0
2153,girth,0,0
2154,slimy,0,0
2155,aides,0,0
2156,spasm,0,0
2157,burrs,0,0
2158,alibi,0,0
2159,lymph,0,0
2160,saucy,0,0
2161,muggy,0,0
2162,liter,0,0
2163,joked,0,0
2164,goofy,0,0
2165,exams,0,0
2166,enact,0,0
2167,stork,0,0
2168,lured,0,0
2169,toxic,0,0
2170,omens,0,0
2171,nears,0,0
2172,covet,0,0
2173,wrung,0,0
2174,forum,0,0
2175,venom,0,0
2176,moody,0,0
2177,alder,0,0
2178,sassy,0,0
2179,flair,0,0
2180,guild,0,0
2181,prays,0,0
2182,wrens,0,0
2183,hauls,0,0
2184,stave,0,0
2185,tilts,0,0
2186,pecks,0,0
2187,stomp,0,0
2188,gales,0,0
2189,tempt,0,0
2190,capes,0,0
2191,mesas,0,0
2192,omits,0,0
2193,tepee,0,0
2194,harry,0,0
2195,wring,0,0
2196,evoke,0,0
2197,limes,0,0
2198,cluck,0,0
2199,lunge,0,0
2200,highs,0,0
2201,canes,0,0
2202,giddy,0,0
2203,lithe,0,0
2204,verge,0,0
2205,khaki,0,0
2206,queue,0,0
2207,loath,0,0
2208,foyer,0,0
2209,outdo,0,0
2210,fared,0,0
2211,deter,0,0
2212,crumb,0,0
2213,astir,0,0
2214,spire,0,0
2215,jumpy,0,0
2216,extol,0,0
2217,buoys,0,0
2218,stubs,0,0
2219,lucid,0,0
2220,thong,0,0
2221,afore,0,0
2222,whiff,0,0
2223,maxim,0,0
2224,hulls,0,0
2225,clogs,0,0
2226,slats,0,0
2227,jiffy,0,0
2228,arbor,0,0
2229,cinch,0,0
2230,igloo,0,0
2231,goody,0,0
2232,gazes,0,0
2233,dowel,0,0
2234,calms,0,0
2235,bitch,0,0
2236,scowl,0,0
2237,gulps,0,0
2238,coded,0,0
2239,waver,0,0
2240,mason,0,0
2241,lobes,0,0
2242,ebony,0,0
2243,flail,0,0
2244,isles,0,0
2245,clods,0,0
2246,dazed,0,0
2247,adept,0,0
2248,oozed,0,0
2249,sedan,0,0
2250,clays,0,0
2251,warts,0,0
2252,ketch,0,0
2253,skunk,0,0
2254,manes,0,0
2255,adore,0,0
2256,sneer,0,0
2257,mango,0,0
2258,fiord,0,0
2259,flora,0,0
2260,roomy,0,0
2261,minks,0,0
2262,thaws,0,0
2263,watts,0,0
2264,freer,0,0
2265,exult,0,0
2266,plush,0,0
2267,paled,0,0
2268,twain,0,0
2269,clink,0,0
2270,scamp,0,0
2271,pawed,0,0
2272,grope,0,0
2273,bravo,0,0
2274,gable,0,0
2275,stink,0,0
2276,sever,0,0
2277,waned,0,0
2278,rarer,0,0
2279,regal,0,0
2280,wards,0,0
2281,fawns,0,0
2282,babes,0,0
2283,unify,0,0
2284,amend,0,0
2285,oaken,0,0
2286,glade,0,0
2287,visor,0,0
2288,hefty,0,0
2289,nines,0,0
2290,throb,0,0
2291,pecan,0,0
2292,butts,0,0
2293,pence,0,0
2294,sills,0,0
2295,jails,0,0
2296,flyer,0,0
2297,saber,0,0
2298,nomad,0,0
2299,miter,0,0
2300,beeps,0,0
2301,domed,0,0
2302,gulfs,0,0
2303,curbs,0,0
2304,heath,0,0
2305,moors,0,0
2306,aorta,0,0
2307,larks,0,0
2308,tangy,0,0
2309,wryly,0,0
2310,cheep,0,0
2311,rages,0,0
2312,evade,0,0
2313,lures,0,0
2314,freak,0,0
2315,vogue,0,0
2316,tunic,0,0
2317,slams,0,0
2318,knits,0,0
2319,dumpy,0,0
2320,mania,0,0
2321,spits,0,0
2322,firth,0,0
2323,hikes,0,0
2324,trots,0,0
2325,nosed,0,0
2326,clank,0,0
2327,dogma,0,0
2328,bloat,0,0
2329,balsa,0,0
2330,graft,0,0
2331,middy,0,0
2332,stile,0,0
2333,keyed,0,0
2334,finch,0,0
2335,sperm,0,0
2336,chaff,0,0
2337,wiles,0,0
2338,amigo,0,0
2339,copra,0,0
2340,amiss,0,0
2341,eying,0,0
2342,twirl,0,0
2343,lurch,0,0
2344,popes,0,0
2345,chins,0,0
2346,smock,0,0
2347,tines,0,0
2348,guise,0,0
2349,grits,0,0
2350,junks,0,0
2351,shoal,0,0
2352,cache,0,0
2353,tapir,0,0
2354,atoll,0,0
2355,deity,0,0
2356,toils,0,0
2357,spree,0,0
2358,mocks,0,0
2359,scans,0,0
2360,shorn,0,0
2361,revel,0,0
2362,raven,0,0
2363,hoary,0,0
2364,reels,0,0
2365,scuff,0,0
2366,mimic,0,0
2367,weedy,0,0
2368,corny,0,0
2369,truer,0,0
2370,rouge,0,0
2371,ember,0,0
2372,floes,0,0
2373,torso,0,0
2374,wipes,0,0
2375,edict,0,0
2376,sulky,0,0
2377,recur,0,0
2378,groin,0,0
2379,baste,0,0
2380,kinks,0,0
2381,surer,0,0
2382,piggy,0,0
2383,moldy,0,0
2384,franc,0,0
2385,liars,0,0
2386,inept,0,0
2387,gusty,0,0
2388,facet,0,0
2389,jetty,0,0
2390,equip,0,0
2391,leper,0,0
2392,slink,0,0
2393,soars,0,0
2394,cater,0,0
2395,dowry,0,0
2396,sided,0,0
2397,yearn,0,0
2398,decoy,0,0
2399,taboo,0,0
2400,ovals,0,0
2401,heals,0,0
2402,pleas,0,0
2403,beret,0,0
2404,spilt,0,0
2405,gayly,0,0
2406,rover,0,0
2407,endow,0,0
2408,pygmy,0,0
2409,carat,0,0
2410,abbey,0,0
2411,vents,0,0
2412,waken,0,0
2413,chimp,0,0
2414,fumed,0,0
2415,sodas,0,0
2416,vinyl,0,0
2417,clout,0,0
2418,wades,0,0
2419,mites,0,0
2420,smirk,0,0
2421,bores,0,0
2422,bunny,0,0
2423,surly,0,0
2424,frock,0,0
2425,foray,0,0
2426,purer,0,0
2427,milks,0,0
2428,query,0,0
2429,mired,0,0
2430,blare,0,0
2431,froth,0,0
2432,gruel,0,0
2433,navel,0,0
2434,paler,0,0
2435,puffy,0,0
2436,casks,0,0
2437,grime,0,0
2438,derby,0,0
2439,mamma,0,0
2440,gavel,0,0
2441,teddy,0,0
2442,vomit,0,0
2443,moans,0,0
2444,allot,0,0
2445,defer,0,0
2446,wield,0,0
2447,viper,0,0
2448,louse,0,0
2449,erred,0,0
2450,hewed,0,0
2451,abhor,0,0
2452,wrest,0,0
2453,waxen,0,0
2454,adage,0,0
2455,ardor,0,0
2456,stabs,0,0
2457,pored,0,0
2458,rondo,0,0
2459,loped,0,0
2460,fishy,0,0
2461,bible,0,0
2462,hires,0,0
2463,foals,0,0
2464,feuds,0,0
2465,jambs,0,0
2466,thuds,0,0
2467,jeers,0,0
2468,knead,0,0
2469,quirk,0,0
2470,rugby,0,0
2471,expel,0,0
2472,greys,0,0
2473,rigor,0,0
2474,ester,0,0
2475,lyres,0,0
2476,aback,0,0
2477,glues,0,0
2478,lotus,0,0
2479,lurid,0,0
2480,rungs,0,0
2481,hutch,0,0
2482,thyme,0,0
2483,valet,0,0
2484,tommy,0,0
2485,yokes,0,0
2486,epics,0,0
2487,trill,0,0
2488,pikes,0,0
2489,ozone,0,0
2490,caper,0,0
2491,chime,0,0
2492,frees,0,0
2493,famed,0,0
2494,leech,0,0
2495,smite,0,0
2496,neigh,0,0
2497,erode,0,0
2498,robed,0,0
2499,hoard,0,0
2500,salve,0,0
2501,conic,0,0
2502,gawky,0,0
2503,craze,0,0
2504,jacks,0,0
2505,gloat,0,0
2506,mushy,0,0
2507,rumps,0,0
2508,fetus,0,0
2509,wince,0,0
2510,pinks,0,0
2511,shalt,0,0
2512,toots,0,0
2513,glens,0,0
2514,cooed,0,0
2515,rusts,0,0
2516,stews,0,0
2517,shred,0,0
2518,parka,0,0
2519,chugs,0,0
2520,winks,0,0
2521,clots,0,0
2522,shrew,0,0
2523,booed,0,0
2524,filmy,0,0
2525,juror,0,0
2526,dents,0,0
2527,gummy,0,0
2528,grays,0,0
2529,hooky,0,0
2530,butte,0,0
2531,dogie,0,0
2532,poled,0,0
2533,reams,0,0
2534,fifes,0,0
2535,spank,0,0
2536,gayer,0,0
2537,tepid,0,0
2538,spook,0,0
2539,taint,0,0
2540,flirt,0,0
2541,rogue,0,0
2542,spiky,0,0
2543,opals,0,0
2544,miser,0,0
2545,cocky,0,0
2546,coyly,0,0
2547,balmy,0,0
2548,slosh,0,0
2549,brawl,0,0
2550,aphid,0,0
2551,faked,0,0
2552,hydra,0,0
2553,brags,0,0
2554,chide,0,0
2555,yanks,0,0
2556,allay,0,0
2557,video,0,0
2558,altos,0,0
2559,eases,0,0
2560,meted,0,0
2561,chasm,0,0
2562,longs,0,0
2563,excel,0,0
2564,taffy,0,0
2565,impel,0,0
2566,savor,0,0
2567,koala,0,0
2568,quays,0,0
2569,dawns,0,0
2570,proxy,0,0
2571,clove,0,0
2572,duets,0,0
2573,dregs,0,0
2574,tardy,0,0
2575,briar,0,0
2576,grimy,0,0
2577,ultra,0,0
2578,meaty,0,0
2579,halve,0,0
2580,wails,0,0
2581,suede,0,0
2582,mauve,0,0
2583,envoy,0,0
2584,arson,0,0
2585,coves,0,0
2586,gooey,0,0
2587,brews,0,0
2588,sofas,0,0
2589,chums,0,0
2590,amaze,0,0
2591,zooms,0,0
2592,abbot,0,0
2593,halos,0,0
2594,scour,0,0
2595,suing,0,0
2596,cribs,0,0
2597,sagas,0,0
2598,enema,0,0
2599,wordy,0,0
2600,harps,0,0
2601,coupe,0,0
2602,molar,0,0
2603,flops,0,0
2604,weeps,0,0
2605,mints,0,0
2606,ashen,0,0
2607,felts,0,0
2608,askew,0,0
2609,munch,0,0
2610,mewed,0,0
2611,divan,0,0
2612,vices,0,0
2613,jumbo,0,0
2614,blobs,0,0
2615,blots,0,0
2616,spunk,0,0
2617,acrid,0,0
2618,topaz,0,0
2619,cubed,0,0
2620,clans,0,0
2621,flees,0,0
2622,slurs,0,0
2623,gnaws,0,0
2624,welds,0,0
2625,fords,0,0
2626,emits,0,0
2627,agate,0,0
2628,pumas,0,0
2629,mends,0,0
2630,darks,0,0
2631,dukes,0,0
2632,plies,0,0
2633,canny,0,0
2634,hoots,0,0
2635,oozes,0,0
2636,lamed,0,0
2637,fouls,0,0
2638,clefs,0,0
2639,nicks,0,0
2640,mated,0,0
2641,skims,0,0
2642,brunt,0,0
2643,tuber,0,0
2644,tinge,0,0
2645,fates,0,0
2646,ditty,0,0
2647,thins,0,0
2648,frets,0,0
2649,eider,0,0
2650,bayou,0,0
2651,mulch,0,0
2652,fasts,0,0
2653,amass,0,0
2654,damps,0,0
2655,morns,0,0
2656,friar,0,0
2657,palsy,0,0
2658,vista,0,0
2659,croon,0,0
2660,conch,0,0
2661,udder,0,0
2662,tacos,0,0
2663,skits,0,0
2664,mikes,0,0
2665,quits,0,0
2666,preen,0,0
2667,aster,0,0
2668,adder,0,0
2669,elegy,0,0
2670,pulpy,0,0
2671,scows,0,0
2672,baled,0,0
2673,hovel,0,0
2674,lavas,0,0
2675,crave,0,0
2676,optic,0,0
2677,welts,0,0
2678,busts,0,0
2679,knave,0,0
2680,razed,0,0
2681,shins,0,0
2682,totes,0,0
2683,scoot,0,0
2684,dears,0,0
2685,crock,0,0
2686,mutes,0,0
2687,trims,0,0
2688,skein,0,0
2689,doted,0,0
2690,shuns,0,0
2691,veers,0,0
2692,fakes,0,0
2693,yoked,0,0
2694,wooed,0,0
2695,hacks,0,0
2696,sprig,0,0
2697,wands,0,0
2698,lulls,0,0
2699,seers,0,0
2700,snobs,0,0
2701,nooks,0,0
2702,pined,0,0
2703,perky,0,0
2704,mooed,0,0
2705,frill,0,0
2706,dines,0,0
2707,booze,0,0
2708,tripe,0,0
2709,prong,0,0
2710,drips,0,0
2711,odder,0,0
2712,levee,0,0
2713,antic,0,0
2714,sidle,0,0
2715,pithy,0,0
2716,corks,0,0
2717,yelps,0,0
2718,joker,0,0
2719,fleck,0,0
2720,buffs,0,0
2721,scram,0,0
2722,tiers,0,0
2723,bogey,0,0
2724,doled,0,0
2725,irate,0,0
2726,vales,0,0
2727,coped,0,0
2728,hails,0,0
2729,elude,0,0
2730,bulks,0,0
2731,aired,0,0
2732,vying,0,0
2733,stags,0,0
2734,strew,0,0
2735,cocci,0,0
2736,pacts,0,0
2737,scabs,0,0
2738,silos,0,0
2739,dusts,0,0
2740,yodel,0,0
2741,terse,0,0
2742,jaded,0,0
2743,baser,0,0
2744,jibes,0,0
2745,foils,0,0
2746,sways,0,0
2747,forgo,0,0
2748,slays,0,0
2749,preys,0,0
2750,treks,0,0
2751,quell,0,0
2752,peeks,0,0
2753,assay,0,0
2754,lurks,0,0
2755,eject,0,0
2756,boars,0,0
2757,trite,0,0
2758,belch,0,0
2759,gnash,0,0
2760,wanes,0,0
2761,lutes,0,0
2762,whims,0,0
2763,dosed,0,0
2764,chewy,0,0
2765,snipe,0,0
2766,umbra,0,0
2767,teems,0,0
2768,dozes,0,0
2769,kelps,0,0
2770,upped,0,0
2771,brawn,0,0
2772,doped,0,0
2773,shush,0,0
2774,rinds,0,0
2775,slush,0,0
2776,moron,0,0
2777,voile,0,0
2778,woken,0,0
2779,fjord,0,0
2780,sheik,0,0
2781,jests,0,0
2782,kayak,0,0
2783,slews,0,0
2784,toted,0,0
2785,saner,0,0
2786,drape,0,0
2787,patty,0,0
2788,raves,0,0
2789,sulfa,0,0
2790,grist,0,0
2791,skied,0,0
2792,vixen,0,0
2793,civet,0,0
2794,vouch,0,0
2795,tiara,0,0
2796,homey,0,0
2797,moped,0,0
2798,runts,0,0
2799,serge,0,0
2800,kinky,0,0
2801,rills,0,0
2802,corns,0,0
2803,brats,0,0
2804,pries,0,0
2805,amble,0,0
2806,fries,0,0
2807,loons,0,0
2808,tsars,0,0
2809,datum,0,0
2810,musky,0,0
2811,pigmy,0,0
2812,gnome,0,0
2813,ravel,0,0
2814,ovule,0,0
2815,icily,0,0
2816,liken,0,0
2817,lemur,0,0
2818,frays,0,0
2819,silts,0,0
2820,sifts,0,0
2821,plods,0,0
2822,ramps,0,0
2823,tress,0,0
2824,earls,0,0
2825,dudes,0,0
2826,waive,0,0
2827,karat,0,0
2828,jolts,0,0
2829,peons,0,0
2830,beers,0,0
2831,horny,0,0
2832,pales,0,0
2833,wreak,0,0
2834,lairs,0,0
2835,lynch,0,0
2836,stank,0,0
2837,swoon,0,0
2838,idler,0,0
2839,abort,0,0
2840,blitz,0,0
2841,ensue,0,0
2842,atone,0,0
2843,bingo,0,0
2844,roves,0,0
2845,kilts,0,0
2846,scald,0,0
2847,adios,0,0
2848,cynic,0,0
2849,dulls,0,0
2850,memos,0,0
2851,elfin,0,0
2852,dales,0,0
2853,peels,0,0
2854,peals,0,0
2855,bares,0,0
2856,sinus,0,0
2857,crone,0,0
2858,sable,0,0
2859,hinds,0,0
2860,shirk,0,0
2861,enrol,0,0
2862,wilts,0,0
2863,roams,0,0
2864,duped,0,0
2865,cysts,0,0
2866,mitts,0,0
2867,safes,0,0
2868,spats,0,0
2869,coops,0,0
2870,filet,0,0
2871,knell,0,0
2872,refit,0,0
2873,covey,0,0
2874,punks,0,0
2875,kilns,0,0
2876,fitly,0,0
2877,abate,0,0
2878,talcs,0,0
2879,heeds,0,0
2880,duels,0,0
2881,wanly,0,0
2882,ruffs,0,0
2883,gauss,0,0
2884,lapel,0,0
2885,jaunt,0,0
2886,whelp,0,0
2887,cleat,0,0
2888,gauzy,0,0
2889,dirge,0,0
2890,edits,0,0
2891,wormy,0,0
2892,moats,0,0
2893,smear,0,0
2894,prods,0,0
2895,bowel,0,0
2896,frisk,0,0
2897,vests,0,0
2898,bayed,0,0
2899,rasps,0,0
2900,tames,0,0
2901,delve,0,0
2902,embed,0,0
2903,befit,0,0
2904,wafer,0,0
2905,ceded,0,0
2906,novas,0,0
2907,feign,0,0
2908,spews,0,0
2909,larch,0,0
2910,huffs,0,0
2911,doles,0,0
2912,mamas,0,0
2913,hulks,0,0
2914,pried,0,0
2915,brims,0,0
2916,irked,0,0
2917,aspic,0,0
2918,swipe,0,0
2919,mealy,0,0
2920,skimp,0,0
2921,bluer,0,0
2922,slake,0,0
2923,dowdy,0,0
2924,penis,0,0
2925,brays,0,0
2926,pupas,0,0
2927,egret,0,0
2928,flunk,0,0
2929,phlox,0,0
2930,gripe,0,0
2931,peony,0,0
2932,douse,0,0
2933,blurs,0,0
2934,darns,0,0
2935,slunk,0,0
2936,lefts,0,0
2937,chats,0,0
2938,inane,0,0
2939,vials,0,0
2940,stilt,0,0
2941,rinks,0,0
2942,woofs,0,0
2943,wowed,0,0
2944,bongs,0,0
2945,frond,0,0
2946,ingot,0,0
2947,evict,0,0
2948,singe,0,0
2949,shyer,0,0
2950,flied,0,0
2951,slops,0,0
2952,dolts,0,0
2953,drool,0,0
2954,dells,0,0
2955,whelk,0,0
2956,hippy,0,0
2957,feted,0,0
2958,ether,0,0
2959,cocos,0,0
2960,hives,0,0
2961,jibed,0,0
2962,mazes,0,0
2963,trios,0,0
2964,sirup,0,0
2965,squab,0,0
2966,laths,0,0
2967,leers,0,0
2968,pasta,0,0
2969,rifts,0,0
2970,lopes,0,0
2971,alias,0,0
2972,whirs,0,0
2973,diced,0,0
2974,slags,0,0
2975,lodes,0,0
2976,foxed,0,0
2977,idled,0,0
2978,prows,0,0
2979,plait,0,0
2980,malts,0,0
2981,chafe,0,0
2982,cower,0,0
2983,toyed,0,0
2984,chefs,0,0
2985,keels,0,0
2986,sties,0,0
2987,racer,0,0
2988,etude,0,0
2989,sucks,0,0
2990,sulks,0,0
2991,micas,0,0
2992,czars,0,0
2993,copse,0,0
2994,ailed,0,0
2995,abler,0,0
2996,rabid,0,0
2997,golds,0,0
2998,croup,0,0
2999,snaky,0,0
3000,visas,0,0
3001,palls,0,0
3002,mopes,0,0
3003,boned,0,0
3004,wispy,0,0
3005,raved,0,0
3006,swaps,0,0
3007,junky,0,0
3008,doily,0,0
3009,pawns,0,0
3010,tamer,0,0
3011,poach,0,0
3012,baits,0,0
3013,damns,0,0
3014,gumbo,0,0
3015,daunt,0,0
3016,prank,0,0
3017,hunks,0,0
3018,buxom,0,0
3019,heres,0,0
3020,honks,0,0
3021,stows,0,0
3022,unbar,0,0
3023,idles,0,0
3024,routs,0,0
3025,sages,0,0
3026,goads,0,0
3027,remit,0,0
3028,copes,0,0
3029,deign,0,0
3030,culls,0,0
3031,girds,0,0
3032,haves,0,0
3033,lucks,0,0
3034,stunk,0,0
3035,dodos,0,0
3036,shams,0,0
3037,snubs,0,0
3038,icons,0,0
3039,usurp,0,0
3040,dooms,0,0
3041,hells,0,0
3042,soled,0,0
3043,comas,0,0
3044,paves,0,0
3045,maths,0,0
3046,perks,0,0
3047,limps,0,0
3048,wombs,0,0
3049,blurb,0,0
3050,daubs,0,0
3051,cokes,0,0
3052,sours,0,0
3053,stuns,0,0
3054,cased,0,0
3055,musts,0,0
3056,coeds,0,0
3057,cowed,0,0
3058,aping,0,0
3059,zoned,0,0
3060,rummy,0,0
3061,fetes,0,0
3062,skulk,0,0
3063,quaff,0,0
3064,rajah,0,0
3065,deans,0,0
3066,reaps,0,0
3067,galas,0,0
3068,tills,0,0
3069,roved,0,0
3070,kudos,0,0
3071,toned,0,0
3072,pared,0,0
3073,scull,0,0
3074,vexes,0,0
3075,punts,0,0
3076,snoop,0,0
3077,bails,0,0
3078,dames,0,0
3079,hazes,0,0
3080,lores,0,0
3081,marts,0,0
3082,voids,0,0
3083,ameba,0,0
3084,rakes,0,0
3085,adzes,0,0
3086,harms,0,0
3087,rears,0,0
3088,satyr,0,0
3089,swill,0,0
3090,hexes,0,0
3091,colic,0,0
3092,leeks,0,0
3093,hurls,0,0
3094,yowls,0,0
3095,ivies,0,0
3096,plops,0,0
3097,musks,0,0
3098,papaw,0,0
3099,jells,0,0
3100,bused,0,0
3101,cruet,0,0
3102,bided,0,0
3103,filch,0,0
3104,zests,0,0
3105,rooks,0,0
3106,laxly,0,0
3107,rends,0,0
3108,loams,0,0
3109,basks,0,0
3110,sires,0,0
3111,carps,0,0
3112,pokey,0,0
3113,flits,0,0
3114,muses,0,0
3115,bawls,0,0
3116,shuck,0,0
3117,viler,0,0
3118,lisps,0,0
3119,peeps,0,0
3120,sorer,0,0
3121,lolls,0,0
3122,prude,0,0
3123,diked,0,0
3124,floss,0,0
3125,flogs,0,0
3126,scums,0,0
3127,dopes,0,0
3128,bogie,0,0
3129,pinky,0,0
3130,leafs,0,0
3131,tubas,0,0
3132,scads,0,0
3133,lowed,0,0
3134,yeses,0,0
3135,biked,0,0
3136,qualm,0,0
3137,evens,0,0
3138,caned,0,0
3139,gawks,0,0
3140,whits,0,0
3141,wooly,0,0
3142,gluts,0,0
3143,romps,0,0
3144,bests,0,0
3145,dunce,0,0
3146,crony,0,0
3147,joist,0,0
3148,tunas,0,0
3149,boner,0,0
3150,malls,0,0
3151,parch,0,0
3152,avers,0,0
3153,crams,0,0
3154,pares,0,0
3155,dally,0,0
3156,bigot,0,0
3157,kales,0,0
3158,flays,0,0
3159,leach,0,0
3160,gushy,0,0
3161,pooch,0,0
3162,huger,0,0
3163,slyer,0,0
3164,golfs,0,0
3165,mires,0,0
3166,flues,0,0
3167,loafs,0,0
3168,arced,0,0
3169,acnes,0,0
3170,neons,0,0
3171,fiefs,0,0
3172,dints,0,0
3173,dazes,0,0
3174,pouts,0,0
3175,cored,0,0
3176,yules,0,0
3177,lilts,0,0
3178,beefs,0,0
3179,mutts,0,0
3180,fells,0,0
3181,cowls,0,0
3182,spuds,0,0
3183,lames,0,0
3184,jawed,0,0
3185,dupes,0,0
3186,deads,0,0
3187,bylaw,0,0
3188,noons,0,0
3189,nifty,0,0
3190,clued,0,0
3191,vireo,0,0
3192,gapes,0,0
3193,metes,0,0
3194,cuter,0,0
3195,maims,0,0
3196,droll,0,0
3197,cupid,0,0
3198,mauls,0,0
3199,sedge,0,0
3200,papas,0,0
3201,wheys,0,0
3202,eking,0,0
3203,loots,0,0
3204,hilts,0,0
3205,meows,0,0
3206,beaus,0,0
3207,dices,0,0
3208,peppy,0,0
3209,riper,0,0
3210,fogey,0,0
3211,gists,0,0
3212,yogas,0,0
3213,gilts,0,0
3214,skews,0,0
3215,cedes,0,0
3216,zeals,0,0
3217,alums,0,0
3218,okays,0,0
3219,elope,0,0
3220,grump,0,0
3221,wafts,0,0
3222,soots,0,0
3223,blimp,0,0
3224,hefts,0,0
3225,mulls,0,0
3226,hosed,0,0
3227,cress,0,0
3228,doffs,0,0
3229,ruder,0,0
3230,pixie,0,0
3231,waifs,0,0
3232,ousts,0,0
3233,pucks,0,0
3234,biers,0,0
3235,gulch,0,0
3236,suets,0,0
3237,hobos,0,0
3238,lints,0,0
3239,brans,0,0
3240,teals,0,0
3241,garbs,0,0
3242,pewee,0,0
3243,helms,0,0
3244,turfs,0,0
3245,quips,0,0
3246,wends,0,0
3247,banes,0,0
3248,napes,0,0
3249,icier,0,0
3250,swats,0,0
3251,bagel,0,0
3252,hexed,0,0
3253,ogres,0,0
3254,goner,0,0
3255,gilds,0,0
3256,pyres,0,0
3257,lards,0,0
3258,bides,0,0
3259,paged,0,0
3260,talon,0,0
3261,flout,0,0
3262,medic,0,0
3263,veals,0,0
3264,putts,0,0
3265,dirks,0,0
3266,dotes,0,0
3267,tippy,0,0
3268,blurt,0,0
3269,piths,0,0
3270,acing,0,0
3271,barer,0,0
3272,whets,0,0
3273,gaits,0,0
3274,wools,0,0
3275,dunks,0,0
3276,heros,0,0
3277,swabs,0,0
3278,dirts,0,0
3279,jutes,0,0
3280,hemps,0,0
3281,surfs,0,0
3282,okapi,0,0
3283,chows,0,0
3284,shoos,0,0
3285,dusks,0,0
3286,parry,0,0
3287,decal,0,0
3288,furls,0,0
3289,cilia,0,0
3290,sears,0,0
3291,novae,0,0
3292,murks,0,0
3293,warps,0,0
3294,slues,0,0
3295,lamer,0,0
3296,saris,0,0
3297,weans,0,0
3298,purrs,0,0
3299,dills,0,0
3300,togas,0,0
3301,newts,0,0
3302,meany,0,0
3303,bunts,0,0
3304,razes,0,0
3305,goons,0,0
3306,wicks,0,0
3307,ruses,0,0
3308,vends,0,0
3309,geode,0,0
3310,drake,0,0
3311,judos,0,0
3312,lofts,0,0
3313,pulps,0,0
3314,lauds,0,0
3315,mucks,0,0
3316,vises,0,0
3317,mocha,0,0
3318,oiled,0,0
3319,roman,0,0
3320,ethyl,0,0
3321,gotta,0,0
3322,fugue,0,0
3323,smack,0,0
3324,gourd,0,0
3325,bumpy,0,0
3326,radix,0,0
3327,fatty,0,0
3328,borax,0,0
3329,cubit,0,0
3330,cacti,0,0
3331,gamma,0,0
3332,focal,0,0
3333,avail,0,0
3334,papal,0,0
3335,golly,0,0
3336,elite,0,0
3337,versa,0,0
3338,billy,0,0
3339,adieu,0,0
3340,annum,0,0
3341,howdy,0,0
3342,rhino,0,0
3343,norms,0,0
3344,bobby,0,0
3345,axiom,0,0
3346,setup,0,0
3347,yolks,0,0
3348,terns,0,0
3349,mixer,0,0
3350,genre,0,0
3351,knoll,0,0
3352,abode,0,0
3353,junta,0,0
3354,gorge,0,0
3355,combo,0,0
3356,alpha,0,0
3357,overt,0,0
3358,kinda,0,0
3359,spelt,0,0
3360,prick,0,0
3361,nobly,0,0
3362,ephod,0,0
3363,audio,0,0
3364,modal,0,0
3365,veldt,0,0
3366,warty,0,0
3367,fluke,0,0
3368,bonny,0,0
3369,bream,0,0
3370,rosin,0,0
3371,bolls,0,0
3372,doers,0,0
3373,downs,0,0
3374,beady,0,0
3375,motif,0,0
3376,humph,0,0
3377,fella,0,0
3378,mould,0,0
3379,crepe,0,0
3380,kerns,0,0
3381,aloha,0,0
3382,glyph,0,0
3383,azure,0,0
3384,riser,0,0
3385,blest,0,0
3386,locus,0,0
3387,lumpy,0,0
3388,beryl,0,0
3389,wanna,0,0
3390,brier,0,0
3391,tuner,0,0
3392,rowdy,0,0
3393,mural,0,0
3394,timer,0,0
3395,canst,0,0
3396,krill,0,0
3397,quoth,0,0
3398,lemme,0,0
3399,triad,0,0
3400,tenon,0,0
3401,amply,0,0
3402,deeps,0,0
3403,padre,0,0
3404,leant,0,0
3405,pacer,0,0
3406,octal,0,0
3407,dolly,0,0
3408,trans,0,0
3409,sumac,0,0
3410,foamy,0,0
3411,lolly,0,0
3412,giver,0,0
3413,quipu,0,0
3414,codex,0,0
3415,manna,0,0
3416,unwed,0,0
3417,vodka,0,0
3418,ferny,0,0
3419,salon,0,0
3420,duple,0,0
3421,boron,0,0
3422,revue,0,0
3423,crier,0,0
3424,alack,0,0
3425,inter,0,0
3426,dilly,0,0
3427,whist,0,0
3428,cults,0,0
3429,spake,0,0
3430,reset,0,0
3431,loess,0,0
3432,decor,0,0
3433,mover,0,0
3434,verve,0,0
3435,ethic,0,0
3436,gamut,0,0
3437,lingo,0,0
3438,dunno,0,0
3439,align,0,0
3440,sissy,0,0
3441,incur,0,0
3442,reedy,0,0
3443,avant,0,0
3444,piper,0,0
3445,waxer,0,0
3446,calyx,0,0
3447,basil,0,0
3448,coons,0,0
3449,seine,0,0
3450,piney,0,0
3451,lemma,0,0
3452,trams,0,0
3453,winch,0,0
3454,whirr,0,0
3455,saith,0,0
3456,ionic,0,0
3457,heady,0,0
3458,harem,0,0
3459,tummy,0,0
3460,sally,0,0
3461,shied,0,0
3462,dross,0,0
3463,farad,0,0
3464,saver,0,0
3465,tilde,0,0
3466,jingo,0,0
3467,bower,0,0
3468,serif,0,0
3469,facto,0,0
3470,belle,0,0
3471,inset,0,0
3472,bogus,0,0
3473,caved,0,0
3474,forte,0,0
3475,sooty,0,0
3476,bongo,0,0
3477,toves,0,0
3478,credo,0,0
3479,basal,0,0
3480,yella,0,0
3481,aglow,0,0
3482,glean,0,0
3483,gusto,0,0
3484,hymen,0,0
3485,ethos,0,0
3486,terra,0,0
3487,brash,0,0
3488,scrip,0,0
3489,swash,0,0
3490,aleph,0,0
3491,tinny,0,0
3492,itchy,0,0
3493,wanta,0,0
3494,trice,0,0
3495,jowls,0,0
3496,gongs,0,0
3497,garde,0,0
3498,boric,0,0
3499,twill,0,0
3500,sower,0,0
3501,henry,0,0
3502,awash,0,0
3503,libel,0,0
3504,spurn,0,0
3505,sabre,0,0
3506,rebut,0,0
3507,penal,0,0
3508,obese,0,0
3509,sonny,0,0
3510,quirt,0,0
3511,mebbe,0,0
3512,tacit,0,0
3513,greek,0,0
3514,xenon,0,0
3515,hullo,0,0
3516,pique,0,0
3517,roger,0,0
3518,negro,0,0
3519,hadst,0,0
3520,gecko,0,0
3521,beget,0,0
3522,uncut,0,0
3523,aloes,0,0
3524,louis,0,0
3525,quint,0,0
3526,clunk,0,0
3527,raped,0,0
3528,salvo,0,0
3529,diode,0,0
3530,matey,0,0
3531,hertz,0,0
3532,xylem,0,0
3533,kiosk,0,0
3534,apace,0,0
3535,cawed,0,0
3536,peter,0,0
3537,wench,0,0
3538,cohos,0,0
3539,sorta,0,0
3540,gamba,0,0
3541,bytes,0,0
3542,tango,0,0
3543,nutty,0,0
3544,axial,0,0
3545,aleck,0,0
3546,natal,0,0
3547,clomp,0,0
3548,gored,0,0
3549,siree,0,0
3550,bandy,0,0
3551,gunny,0,0
3552,runic,0,0
3553,whizz,0,0
3554,rupee,0,0
3555,fated,0,0
3556,wiper,0,0
3557,bards,0,0
3558,briny,0,0
3559,staid,0,0
3560,hocks,0,0
3561,ochre,0,0
3562,yummy,0,0
3563,gents,0,0
3564,soupy,0,0
3565,roper,0,0
3566,swath,0,0
3567,cameo,0,0
3568,edger,0,0
3569,spate,0,0
3570,gimme,0,0
3571,ebbed,0,0
3572,breve,0,0
3573,theta,0,0
3574,deems,0,0
3575,dykes,0,0
3576,servo,0,0
3577,telly,0,0
3578,tabby,0,0
3579,tares,0,0
3580,blocs,0,0
3581,welch,0,0
3582,ghoul,0,0
3583,vitae,0,0
3584,cumin,0,0
3585,dinky,0,0
3586,bronc,0,0
3587,tabor,0,0
3588,teeny,0,0
3589,comer,0,0
3590,borer,0,0
3591,sired,0,0
3592,privy,0,0
3593,mammy,0,0
3594,deary,0,0
3595,gyros,0,0
3596,sprit,0,0
3597,conga,0,0
3598,quire,0,0
3599,thugs,0,0
3600,furor,0,0
3601,bloke,0,0
3602,runes,0,0
3603,bawdy,0,0
3604,cadre,0,0
3605,toxin,0,0
3606,annul,0,0
3607,egged,0,0
3608,anion,0,0
3609,nodes,0,0
3610,picky,0,0
3611,stein,0,0
3612,jello,0,0
3613,audit,0,0
3614,echos,0,0
3615,fagot,0,0
3616,letup,0,0
3617,eyrie,0,0
3618,fount,0,0
3619,caped,0,0
3620,axons,0,0
3621,amuck,0,0
3622,banal,0,0
3623,riled,0,0
3624,petit,0,0
3625,umber,0,0
3626,miler,0,0
3627,fibre,0,0
3628,agave,0,0
3629,bated,0,0
3630,bilge,0,0
3631,vitro,0,0
3632,feint,0,0
3633,pudgy,0,0
3634,mater,0,0
3635,manic,0,0
3636,umped,0,0
3637,pesky,0,0
3638,strep,0,0
3639,slurp,0,0
3640,pylon,0,0
3641,puree,0,0
3642,caret,0,0
3643,temps,0,0
3644,newel,0,0
3645,yawns,0,0
3646,seedy,0,0
3647,treed,0,0
3648,coups,0,0
3649,rangy,0,0
3650,brads,0,0
3651,mangy,0,0
3652,loner,0,0
3653,circa,0,0
3654,tibia,0,0
3655,afoul,0,0
3656,mommy,0,0
3657,titer,0,0
3658,carne,0,0
3659,kooky,0,0
3660,motes,0,0
3661,amity,0,0
3662,suave,0,0
3663,hippo,0,0
3664,curvy,0,0
3665,samba,0,0
3666,newsy,0,0
3667,anise,0,0
3668,imams,0,0
3669,tulle,0,0
3670,aways,0,0
3671,liven,0,0
3672,hallo,0,0
3673,wales,0,0
3674,opted,0,0
3675,canto,0,0
3676,idyll,0,0
3677,bodes,0,0
3678,curio,0,0
3679,wrack,0,0
3680,hiker,0,0
3681,chive,0,0
3682,yokel,0,0
3683,dotty,0,0
3684,demur,0,0
3685,cusps,0,0
3686,specs,0,0
3687,quads,0,0
3688,laity,0,0
3689,toner,0,0
3690,decry,0,0
3691,writs,0,0
3692,saute,0,0
3693,clack,0,0
3694,aught,0,0
3695,logos,0,0
3696,tipsy,0,0
3697,natty,0,0
3698,ducal,0,0
3699,bidet,0,0
3700,bulgy,0,0
3701,metre,0,0
3702,lusts,0,0
3703,unary,0,0
3704,goeth,0,0
3705,baler,0,0
3706,sited,0,0
3707,shies,0,0
3708,hasps,0,0
3709,brung,0,0
3710,holed,0,0
3711,swank,0,0
3712,looky,0,0
3713,melee,0,0
3714,huffy,0,0
3715,loamy,0,0
3716,pimps,0,0
3717,titan,0,0
3718,binge,0,0
3719,shunt,0,0
3720,femur,0,0
3721,libra,0,0
3722,seder,0,0
3723,honed,0,0
3724,annas,0,0
3725,coypu,0,0
3726,shims,0,0
3727,zowie,0,0
3728,jihad,0,0
3729,savvy,0,0
3730,nadir,0,0
3731,basso,0,0
3732,monic,0,0
3733,maned,0,0
3734,mousy,0,0
3735,omega,0,0
3736,laver,0,0
3737,prima,0,0
3738,picas,0,0
3739,folio,0,0
3740,mecca,0,0
3741,reals,0,0
3742,troth,0,0
3743,testy,0,0
3744,balky,0,0
3745,crimp,0,0
3746,chink,0,0
3747,abets,0,0
3748,splat,0,0
3749,abaci,0,0
3750,vaunt,0,0
3751,cutie,0,0
3752,pasty,0,0
3753,moray,0,0
3754,levis,0,0
3755,ratty,0,0
3756,islet,0,0
3757,joust,0,0
3758,motet,0,0
3759,viral,0,0
3760,nukes,0,0
3761,grads,0,0
3762,comfy,0,0
3763,voila,0,0
3764,woozy,0,0
3765,blued,0,0
3766,whomp,0,0
3767,sward,0,0
3768,metro,0,0
3769,skeet,0,0
3770,chine,0,0
3771,aerie,0,0
3772,bowie,0,0
3773,tubby,0,0
3774,emirs,0,0
3775,coati,0,0
3776,unzip,0,0
3777,slobs,0,0
3778,trike,0,0
3779,funky,0,0
3780,ducat,0,0
3781,dewey,0,0
3782,skoal,0,0
3783,wadis,0,0
3784,oomph,0,0
3785,taker,0,0
3786,minim,0,0
3787,getup,0,0
3788,stoic,0,0
3789,synod,0,0
3790,runty,0,0
3791,flyby,0,0
3792,braze,0,0
3793,inlay,0,0
3794,venue,0,0
3795,louts,0,0
3796,peaty,0,0
3797,orlon,0,0
3798,humpy,0,0
3799,radon,0,0
3800,beaut,0,0
3801,raspy,0,0
3802,unfed,0,0
3803,crick,0,0
3804,nappy,0,0
3805,vizor,0,0
3806,yipes,0,0
3807,rebus,0,0
3808,divot,0,0
3809,kiwis,0,0
3810,vetch,0,0
3811,squib,0,0
3812,sitar,0,0
3813,kiddo,0,0
3814,dyers,0,0
3815,cotta,0,0
3816,matzo,0,0
3817,lager,0,0
3818,zebus,0,0
3819,crass,0,0
3820,dacha,0,0
3821,kneed,0,0
3822,dicta,0,0
3823,fakir,0,0
3824,knurl,0,0
3825,runny,0,0
3826,unpin,0,0
3827,julep,0,0
3828,globs,0,0
3829,nudes,0,0
3830,sushi,0,0
3831,tacky,0,0
3832,stoke,0,0
3833,kaput,0,0
3834,butch,0,0
3835,hulas,0,0
3836,croft,0,0
3837,achoo,0,0
3838,genii,0,0
3839,nodal,0,0
3840,outgo,0,0
3841,spiel,0,0
3842,viols,0,0
3843,fetid,0,0
3844,cagey,0,0
3845,fudgy,0,0
3846,epoxy,0,0
3847,leggy,0,0
3848,hanky,0,0
3849,lapis,0,0
3850,felon,0,0
3851,beefy,0,0
3852,coots,0,0
3853,melba,0,0
3854,caddy,0,0
3855,segue,0,0
3856,betel,0,0
3857,frizz,0,0
3858,drear,0,0
3859,kooks,0,0
3860,turbo,0,0
3861,hoagy,0,0
3862,moult,0,0
3863,helix,0,0
3864,zonal,0,0
3865,arias,0,0
3866,nosey,0,0
3867,paean,0,0
3868,lacey,0,0
3869,banns,0,0
3870,swain,0,0
3871,fryer,0,0
3872,retch,0,0
3873,tenet,0,0
3874,gigas,0,0
3875,whiny,0,0
3876,ogled,0,0
3877,rumen,0,0
3878,begot,0,0
3879,cruse,0,0
3880,abuts,0,0
3881,riven,0,0
3882,balks,0,0
3883,sines,0,0
3884,sigma,0,0
3885,abase,0,0
3886,ennui,0,0
3887,gores,0,0
3888,unset,0,0
3889,augur,0,0
3890,sated,0,0
3891,odium,0,0
3892,latin,0,0
3893,dings,0,0
3894,moire,0,0
3895,scion,0,0
3896,henna,0,0
3897,kraut,0,0
3898,dicks,0,0
3899,lifer,0,0
3900,prigs,0,0
3901,bebop,0,0
3902,gages,0,0
3903,gazer,0,0
3904,fanny,0,0
3905,gibes,0,0
3906,aural,0,0
3907,tempi,0,0
3908,hooch,0,0
3909,rapes,0,0
3910,snuck,0,0
3911,harts,0,0
3912,techs,0,0
3913,emend,0,0
3914,ninny,0,0
3915,guava,0,0
3916,scarp,0,0
3917,liege,0,0
3918,tufty,0,0
3919,sepia,0,0
3920,tomes,0,0
3921,carob,0,0
3922,emcee,0,0
3923,prams,0,0
3924,poser,0,0
3925,verso,0,0
3926,hubba,0,0
3927,joule,0,0
3928,baize,0,0
3929,blips,0,0
3930,scrim,0,0
3931,cubby,0,0
3932,clave,0,0
3933,winos,0,0
3934,rearm,0,0
3935,liens,0,0
3936,lumen,0,0
3937,chump,0,0
3938,nanny,0,0
3939,trump,0,0
3940,fichu,0,0
3941,chomp,0,0
3942,homos,0,0
3943,purty,0,0
3944,maser,0,0
3945,woosh,0,0
3946,patsy,0,0
3947,shill,0,0
3948,rusks,0,0
3949,avast,0,0
3950,swami,0,0
3951,boded,0,0
3952,ahhhh,0,0
3953,lobed,0,0
3954,natch,0,0
3955,shish,0,0
3956,tansy,0,0
3957,snoot,0,0
3958,payer,0,0
3959,altho,0,0
3960,sappy,0,0
3961,laxer,0,0
3962,hubby,0,0
3963,aegis,0,0
3964,riles,0,0
3965,ditto,0,0
3966,jazzy,0,0
3967,dingo,0,0
3968,quasi,0,0
3969,septa,0,0
3970,peaky,0,0
3971,lorry,0,0
3972,heerd,0,0
3973,bitty,0,0
3974,payee,0,0
3975,seamy,0,0
3976,apses,0,0
3977,imbue,0,0
3978,belie,0,0
3979,chary,0,0
3980,spoof,0,0
3981,phyla,0,0
3982,clime,0,0
3983,babel,0,0
3984,wacky,0,0
3985,sumps,0,0
3986,skids,0,0
3987,khans,0,0
3988,crypt,0,0
3989,inure,0,0
3990,nonce,0,0
3991,outen,0,0
3992,faire,0,0
3993,hooey,0,0
3994,anole,0,0
3995,kazoo,0,0
3996,calve,0,0
3997,limbo,0,0
3998,argot,0,0
3999,ducky,0,0
4000,faker,0,0
4001,vibes,0,0
4002,gassy,0,0
4003,unlit,0,0
4004,nervy,0,0
4005,femme,0,0
4006,biter,0,0
4007,fiche,0,0
4008,boors,0,0
4009,gaffe,0,0
4010,saxes,0,0
4011,recap,0,0
4012,synch,0,0
4013,facie,0,0
4014,dicey,0,0
4015,ouija,0,0
4016,hewer,0,0
4017,legit,0,0
4018,gurus,0,0
4019,edify,0,0
4020,tweak,0,0
4021,caron,0,0
4022,typos,0,0
4023,rerun,0,0
4024,polly,0,0
4025,surds,0,0
4026,hamza,0,0
4027,nulls,0,0
4028,hater,0,0
4029,lefty,0,0
4030,mogul,0,0
4031,mafia,0,0
4032,debug,0,0
4033,pates,0,0
4034,blabs,0,0
4035,splay,0,0
4036,talus,0,0
4037,porno,0,0
4038,moola,0,0
4039,nixed,0,0
4040,kilos,0,0
4041,snide,0,0
4042,horsy,0,0
4043,gesso,0,0
4044,jaggy,0,0
4045,trove,0,0
4046,nixes,0,0
4047,creel,0,0
4048,pater,0,0
4049,iotas,0,0
4050,cadge,0,0
4051,skyed,0,0
4052,hokum,0,0
4053,furze,0,0
4054,ankhs,0,0
4055,curie,0,0
4056,nutsy,0,0
4057,hilum,0,0
4058,remix,0,0
4059,angst,0,0
4060,burls,0,0
4061,jimmy,0,0
4062,veiny,0,0
4063,tryst,0,0
4064,codon,0,0
4065,befog,0,0
4066,gamed,0,0
4067,flume,0,0
4068,axman,0,0
4069,doozy,0,0
4070,lubes,0,0
4071,rheas,0,0
4072,bozos,0,0
4073,butyl,0,0
4074,kelly,0,0
4075,mynah,0,0
4076,jocks,0,0
4077,donut,0,0
4078,avian,0,0
4079,wurst,0,0
4080,chock,0,0
4081,quash,0,0
4082,quals,0,0
4083,hayed,0,0
4084,bombe,0,0
4085,cushy,0,0
4086,spacy,0,0
4087,puked,0,0
4088,leery,0,0
4089,thews,0,0
4090,prink,0,0
4091,amens,0,0
4092,tesla,0,0
4093,intro,0,0
4094,fiver,0,0
4095,frump,0,0
4096,capos,0,0
4097,opine,0,0
4098,coder,0,0
4099,namer,0,0
4100,jowly,0,0
4101,pukes,0,0
4102,haled,0,0
4103,chard,0,0
4104,duffs,0,0
4105,bruin,0,0
4106,reuse,0,0
4107,whang,0,0
4108,toons,0,0
4109,frats,0,0
4110,silty,0,0
4111,telex,0,0
4112,cutup,0,0
4113,nisei,0,0
4114,neato,0,0
4115,decaf,0,0
4116,softy,0,0
4117,bimbo,0,0
4118,adlib,0,0
4119,loony,0,0
4120,shoed,0,0
4121,agues,0,0
4122,peeve,0,0
4123,noway,0,0
4124,gamey,0,0
4125,sarge,0,0
4126,reran,0,0
4127,epact,0,0
4128,potty,0,0
4129,coned,0,0
4130,upend,0,0
4131,narco,0,0
4132,ikats,0,0
4133,whorl,0,0
4134,jinks,0,0
4135,tizzy,0,0
4136,weepy,0,0
4137,posit,0,0
4138,marge,0,0
4139,vegan,0,0
4140,clops,0,0
4141,numbs,0,0
4142,reeks,0,0
4143,rubes,0,0
4144,rower,0,0
4145,biped,0,0
4146,tiffs,0,0
4147,hocus,0,0
4148,hammy,0,0
4149,bunco,0,0
4150,fixit,0,0
4151,tykes,0,0
4152,chaws,0,0
4153,yucky,0,0
4154,hokey,0,0
4155,resew,0,0
4156,maven,0,0
4157,adman,0,0
4158,scuzz,0,0
4159,slogs,0,0
4160,souse,0,0
4161,nacho,0,0
4162,mimed,0,0
4163,melds,0,0
4164,boffo,0,0
4165,debit,0,0
4166,pinup,0,0
4167,vagus,0,0
4168,gulag,0,0
4169,randy,0,0
4170,bosun,0,0
4171,educe,0,0
4172,faxes,0,0
4173,auras,0,0
4174,pesto,0,0
4175,antsy,0,0
4176,betas,0,0
4177,fizzy,0,0
4178,dorky,0,0
4179,snits,0,0
4180,moxie,0,0
4181,thane,0,0
4182,mylar,0,0
4183,nobby,0,0
4184,gamin,0,0
4185,gouty,0,0
4186,esses,0,0
4187,goyim,0,0
4188,paned,0,0
4189,druid,0,0
4190,jades,0,0
4191,rehab,0,0
4192,gofer,0,0
4193,tzars,0,0
4194,octet,0,0
4195,homed,0,0
4196,socko,0,0
4197,dorks,0,0
4198,eared,0,0
4199,anted,0,0
4200,elide,0,0
4201,fazes,0,0
4202,oxbow,0,0
4203,dowse,0,0
4204,situs,0,0
4205,macaw,0,0
4206,scone,0,0
4207,drily,0,0
4208,hyper,0,0
4209,salsa,0,0
4210,mooch,0,0
4211,gated,0,0
4212,unjam,0,0
4213,lipid,0,0
4214,mitre,0,0
4215,venal,0,0
4216,knish,0,0
4217,ritzy,0,0
4218,divas,0,0
4219,torus,0,0
4220,mange,0,0
4221,dimer,0,0
4222,recut,0,0
4223,meson,0,0
4224,wined,0,0
4225,fends,0,0
4226,phage,0,0
4227,fiats,0,0
4228,caulk,0,0
4229,cavil,0,0
4230,panty,0,0
4231,roans,0,0
4232,bilks,0,0
4233,hones,0,0
4234,botch,0,0
4235,estop,0,0
4236,sully,0,0
4237,sooth,0,0
4238,gelds,0,0
4239,ahold,0,0
4240,raper,0,0
4241,pager,0,0
4242,fixer,0,0
4243,infix,0,0
4244,hicks,0,0
4245,tuxes,0,0
4246,plebe,0,0
4247,twits,0,0
4248,abash,0,0
4249,twixt,0,0
4250,wacko,0,0
4251,primp,0,0
4252,nabla,0,0
4253,girts,0,0
4254,miffs,0,0
4255,emote,0,0
4256,xerox,0,0
4257,rebid,0,0
4258,shahs,0,0
4259,rutty,0,0
4260,grout,0,0
4261,grift,0,0
4262,deify,0,0
4263,biddy,0,0
4264,kopek,0,0
4265,semis,0,0
4266,bries,0,0
4267,acmes,0,0
4268,piton,0,0
4269,hussy,0,0
4270,torts,0,0
4271,disco,0,0
4272,whore,0,0
4273,boozy,0,0
4274,gibed,0,0
4275,vamps,0,0
4276,amour,0,0
4277,soppy,0,0
4278,gonzo,0,0
4279,durst,0,0
4280,wader,0,0
4281,tutus,0,0
4282,perms,0,0
4283,catty,0,0
4284,glitz,0,0
4285,brigs,0,0
4286,nerds,0,0
4287,barmy,0,0
4288,gizmo,0,0
4289,owlet,0,0
4290,sayer,0,0
4291,molls,0,0
4292,shard,0,0
4293,whops,0,0
4294,comps,0,0
4295,corer,0,0
4296,colas,0,0
4297,matte,0,0
4298,droid,0,0
4299,ploys,0,0
4300,vapid,0,0
4301,cairn,0,0
4302,deism,0,0
4303,mixup,0,0
4304,yikes,0,0
4305,prosy,0,0
4306,raker,0,0
4307,flubs,0,0
4308,whish,0,0
4309,reify,0,0
4310,craps,0,0
4311,shags,0,0
4312,clone,0,0
4313,hazed,0,0
4314,macho,0,0
4315,recto,0,0
4316,refix,0,0
4317,drams,0,0
4318,biker,0,0
4319,aquas,0,0
4320,porky,0,0
4321,doyen,0,0
4322,exude,0,0
4323,goofs,0,0
4324,divvy,0,0
4325,noels,0,0
4326,jived,0,0
4327,hulky,0,0
4328,cager,0,0
4329,harpy,0,0
4330,oldie,0,0
4331,vivas,0,0
4332,admix,0,0
4333,codas,0,0
4334,zilch,0,0
4335,deist,0,0
4336,orcas,0,0
4337,retro,0,0
4338,pilaf,0,0
4339,parse,0,0
4340,rants,0,0
4341,zingy,0,0
4342,toddy,0,0
4343,chiff,0,0
4344,micro,0,0
4345,veeps,0,0
4346,girly,0,0
4347,nexus,0,0
4348,demos,0,0
4349,bibbs,0,0
4350,antes,0,0
4351,lulus,0,0
4352,gnarl,0,0
4353,zippy,0,0
4354,ivied,0,0
4355,epees,0,0
4356,wimps,0,0
4357,tromp,0,0
4358,grail,0,0
4359,yoyos,0,0
4360,poufs,0,0
4361,hales,0,0
4362,roust,0,0
4363,cabal,0,0
4364,rawer,0,0
4365,pampa,0,0
4366,mosey,0,0
4367,kefir,0,0
4368,burgs,0,0
4369,unmet,0,0
4370,cuspy,0,0
4371,boobs,0,0
4372,boons,0,0
4373,hypes,0,0
4374,dynes,0,0
4375,nards,0,0
4376,lanai,0,0
4377,yogis,0,0
4378,sepal,0,0
4379,quark,0,0
4380,toked,0,0
4381,prate,0,0
4382,ayins,0,0
4383,hawed,0,0
4384,swigs,0,0
4385,vitas,0,0
4386,toker,0,0
4387,doper,0,0
4388,bossa,0,0
4389,linty,0,0
4390,foist,0,0
4391,mondo,0,0
4392,stash,0,0
4393,kayos,0,0
4394,twerp,0,0
4395,zesty,0,0
4396,capon,0,0
4397,wimpy,0,0
4398,rewed,0,0
4399,fungo,0,0
4400,tarot,0,0
4401,frosh,0,0
4402,kabob,0,0
4403,pinko,0,0
4404,redid,0,0
4405,mimeo,0,0
4406,heist,0,0
4407,tarps,0,0
4408,lamas,0,0
4409,sutra,0,0
4410,dinar,0,0
4411,whams,0,0
4412,busty,0,0
4413,spays,0,0
4414,mambo,0,0
4415,nabob,0,0
4416,preps,0,0
4417,odour,0,0
4418,cabby,0,0
4419,conks,0,0
4420,sluff,0,0
4421,dados,0,0
4422,houri,0,0
4423,swart,0,0
4424,balms,0,0
4425,gutsy,0,0
4426,faxed,0,0
4427,egads,0,0
4428,pushy,0,0
4429,retry,0,0
4430,agora,0,0
4431,drubs,0,0
4432,daffy,0,0
4433,chits,0,0
4434,mufti,0,0
4435,karma,0,0
4436,lotto,0,0
4437,toffs,0,0
4438,burps,0,0
4439,deuce,0,0
4440,zings,0,0
4441,kappa,0,0
4442,clads,0,0
4443,doggy,0,0
4444,duper,0,0
4445,scams,0,0
4446,ogler,0,0
4447,mimes,0,0
4448,throe,0,0
4449,zetas,0,0
4450,waled,0,0
4451,promo,0,0
4452,blats,0,0
4453,muffs,0,0
4454,oinks,0,0
4455,viand,0,0
4456,coset,0,0
4457,finks,0,0
4458,faddy,0,0
4459,minis,0,0
4460,snafu,0,0
4461,sauna,0,0
4462,usury,0,0
4463,muxes,0,0
4464,craws,0,0
4465,stats,0,0
4466,condo,0,0
4467,coxes,0,0
4468,loopy,0,0
4469,dorms,0,0
4470,ascot,0,0
4471,dippy,0,0
4472,execs,0,0
4473,dopey,0,0
4474,envoi,0,0
4475,umpty,0,0
4476,gismo,0,0
4477,fazed,0,0
4478,strop,0,0
4479,jives,0,0
4480,slims,0,0
4481,batik,0,0
4482,pings,0,0
4483,sonly,0,0
4484,leggo,0,0
4485,pekoe,0,0
4486,prawn,0,0
4487,luaus,0,0
4488,campy,0,0
4489,oodle,0,0
4490,prexy,0,0
4491,proms,0,0
4492,touts,0,0
4493,ogles,0,0
4494,tweet,0,0
4495,toady,0,0
4496,naiad,0,0
4497,hider,0,0
4498,nuked,0,0
4499,fatso,0,0
4500,sluts,0,0
4501,obits,0,0
4502,narcs,0,0
4503,tyros,0,0
4504,delis,0,0
4505,wooer,0,0
4506,hyped,0,0
4507,poset,0,0
4508,byway,0,0
4509,texas,0,0
4510,scrod,0,0
4511,avows,0,0
4512,futon,0,0
4513,torte,0,0
4514,tuple,0,0
4515,carom,0,0
4516,kebab,0,0
4517,tamps,0,0
4518,jilts,0,0
4519,duals,0,0
4520,artsy,0,0
4521,repro,0,0
4522,modem,0,0
4523,toped,0,0
4524,psych,0,0
4525,sicko,0,0
4526,klutz,0,0
4527,tarns,0,0
4528,coxed,0,0
4529,drays,0,0
4530,cloys,0,0
4531,anded,0,0
4532,piker,0,0
4533,aimer,0,0
4534,suras,0,0
4535,limos,0,0
4536,flack,0,0
4537,hapax,0,0
4538,dutch,0,0
4539,mucky,0,0
4540,shire,0,0
4541,klieg,0,0
4542,staph,0,0
4543,layup,0,0
4544,tokes,0,0
4545,axing,0,0
4546,toper,0,0
4547,duvet,0,0
4548,cowry,0,0
4549,profs,0,0
4550,blahs,0,0
4551,addle,0,0
4552,sudsy,0,0
4553,batty,0,0
4554,coifs,0,0
4555,suety,0,0
4556,gabby,0,0
4557,hafta,0,0
4558,pitas,0,0
4559,gouda,0,0
4560,deice,0,0
4561,taupe,0,0
4562,topes,0,0
4563,duchy,0,0
4564,nitro,0,0
4565,carny,0,0
4566,limey,0,0
4567,orals,0,0
4568,hirer,0,0
4569,taxer,0,0
4570,roils,0,0
4571,ruble,0,0
4572,elate,0,0
4573,dolor,0,0
4574,wryer,0,0
4575,snots,0,0
4576,quais,0,0
4577,coked,0,0
4578,gimel,0,0
4579,gorse,0,0
4580,minas,0,0
4581,goest,0,0
4582,agape,0,0
4583,manta,0,0
4584,jings,0,0
4585,iliac,0,0
4586,admen,0,0
4587,offen,0,0
4588,cills,0,0
4589,offal,0,0
4590,lotta,0,0
4591,bolas,0,0
4592,thwap,0,0
4593,alway,0,0
4594,boggy,0,0
4595,donna,0,0
4596,locos,0,0
4597,belay,0,0
4598,gluey,0,0
4599,bitsy,0,0
4600,mimsy,0,0
4601,hilar,0,0
4602,outta,0,0
4603,vroom,0,0
4604,fetal,0,0
4605,raths,0,0
4606,renal,0,0
4607,dyads,0,0
4608,crocs,0,0
4609,vires,0,0
4610,culpa,0,0
4611,kivas,0,0
4612,feist,0,0
4613,teats,0,0
4614,thats,0,0
4615,yawls,0,0
4616,whens,0,0
4617,abaca,0,0
4618,ohhhh,0,0
4619,aphis,0,0
4620,fusty,0,0
4621,eclat,0,0
4622,perdu,0,0
4623,mayst,0,0
4624,exeat,0,0
4625,molly,0,0
4626,supra,0,0
4627,wetly,0,0
4628,plasm,0,0
4629,buffa,0,0
4630,semen,0,0
4631,pukka,0,0
4632,tagua,0,0
4633,paras,0,0
4634,stoat,0,0
4635,secco,0,0
4636,carte,0,0
4637,haute,0,0
4638,molal,0,0
4639,shads,0,0
4640,forma,0,0
4641,ovoid,0,0
4642,pions,0,0
4643,modus,0,0
4644,bueno,0,0
4645,rheum,0,0
4646,scurf,0,0
4647,parer,0,0
4648,ephah,0,0
4649,doest,0,0
4650,sprue,0,0
4651,flams,0,0
4652,molto,0,0
4653,dieth,0,0
4654,choos,0,0
4655,miked,0,0
4656,bronx,0,0
4657,goopy,0,0
4658,bally,0,0
4659,plumy,0,0
4660,moony,0,0
4661,morts,0,0
4662,yourn,0,0
4663,bipod,0,0
4664,spume,0,0
4665,algal,0,0
4666,ambit,0,0
4667,mucho,0,0
4668,spued,0,0
4669,dozer,0,0
4670,harum,0,0
4671,groat,0,0
4672,skint,0,0
4673,laude,0,0
4674,thrum,0,0
4675,pappy,0,0
4676,oncet,0,0
4677,rimed,0,0
4678,gigue,0,0
4679,limed,0,0
4680,plein,0,0
4681,redly,0,0
4682,humpf,0,0
4683,lites,0,0
4684,seest,0,0
4685,grebe,0,0
4686,absit,0,0
4687,thanx,0,0
4688,pshaw,0,0
4689,yawps,0,0
4690,plats,0,0
4691,payed,0,0
4692,areal,0,0
4693,tilth,0,0
4694,youse,0,0
4695,gwine,0,0
4696,thees,0,0
4697,watsa,0,0
4698,lento,0,0
4699,spitz,0,0
4700,yawed,0,0
4701,gipsy,0,0
4702,sprat,0,0
4703,cornu,0,0
4704,amahs,0,0
4705,blowy,0,0
4706,wahoo,0,0
4707,lubra,0,0
4708,mecum,0,0
4709,whooo,0,0
4710,coqui,0,0
4711,sabra,0,0
4712,edema,0,0
4713,mrads,0,0
4714,dicot,0,0
4715,astro,0,0
4716,kited,0,0
4717,ouzel,0,0
4718,didos,0,0
4719,grata,0,0
4720,bonne,0,0
4721,axmen,0,0
4722,klunk,0,0
4723,summa,0,0
4724,laves,0,0
4725,purls,0,0
4726,yawny,0,0
4727,teary,0,0
4728,masse,0,0
4729,largo,0,0
4730,bazar,0,0
4731,pssst,0,0
4732,sylph,0,0
4733,lulab,0,0
4734,toque,0,0
4735,fugit,0,0
4736,plunk,0,0
4737,ortho,0,0
4738,lucre,0,0
4739,cooch,0,0
4740,whipt,0,0
4741,folky,0,0
4742,tyres,0,0
4743,wheee,0,0
4744,corky,0,0
4745,injun,0,0
4746,solon,0,0
4747,didot,0,0
4748,kerfs,0,0
4749,rayed,0,0
4750,wassa,0,0
4751,chile,0,0
4752,begat,0,0
4753,nippy,0,0
4754,litre,0,0
4755,magna,0,0
4756,rebox,0,0
4757,hydro,0,0
4758,milch,0,0
4759,brent,0,0
4760,gyves,0,0
4761,lazed,0,0
4762,feued,0,0
4763,mavis,0,0
4764,inapt,0,0
4765,baulk,0,0
4766,casus,0,0
4767,scrum,0,0
4768,wised,0,0
4769,fossa,0,0
4770,dower,0,0
4771,kyrie,0,0
4772,bhoys,0,0
4773,scuse,0,0
4774,feuar,0,0
4775,ohmic,0,0
4776,juste,0,0
4777,ukase,0,0
4778,beaux,0,0
4779,tusky,0,0
4780,orate,0,0
4781,musta,0,0
4782,lardy,0,0
4783,intra,0,0
4784,quiff,0,0
4785,epsom,0,0
4786,neath,0,0
4787,ocher,0,0
4788,tared,0,0
4789,homme,0,0
4790,mezzo,0,0
4791,corms,0,0
4792,psoas,0,0
4793,beaky,0,0
4794,terry,0,0
4795,infra,0,0
4796,spivs,0,0
4797,tuans,0,0
4798,belli,0,0
4799,bergs,0,0
4800,anima,0,0
4801,weirs,0,0
4802,mahua,0,0
4803,scops,0,0
4804,manse,0,0
4805,titre,0,0
4806,curia,0,0
4807,kebob,0,0
4808,cycad,0,0
4809,talky,0,0
4810,fucks,0,0
4811,tapis,0,0
4812,amide,0,0
4813,dolce,0,0
4814,sloes,0,0
4815,jakes,0,0
4816,russe,0,0
4817,blash,0,0
4818,tutti,0,0
4819,pruta,0,0
4820,panga,0,0
4821,blebs,0,0
4822,tench,0,0
4823,swarf,0,0
4824,herem,0,0
4825,missy,0,0
4826,merse,0,0
4827,pawky,0,0
4828,limen,0,0
4829,vivre,0,0
4830,chert,0,0
4831,unsee,0,0
4832,tiros,0,0
4833,brack,0,0
4834,foots,0,0
4835,welsh,0,0
4836,fosse,0,0
4837,knops,0,0
4838,ileum,0,0
4839,noire,0,0
4840,firma,0,0
4841,podgy,0,0
4842,laird,0,0
4843,thunk,0,0
4844,shute,0,0
4845,rowan,0,0
4846,shoji,0,0
4847,poesy,0,0
4848,uncap,0,0
4849,fames,0,0
4850,glees,0,0
4851,costa,0,0
4852,turps,0,0
4853,fores,0,0
4854,solum,0,0
4855,imago,0,0
4856,byres,0,0
4857,fondu,0,0
4858,coney,0,0
4859,polis,0,0
4860,dictu,0,0
4861,kraal,0,0
4862,sherd,0,0
4863,mumbo,0,0
4864,wroth,0,0
4865,chars,0,0
4866,unbox,0,0
4867,vacuo,0,0
4868,slued,0,0
4869,weest,0,0
4870,hades,0,0
4871,wiled,0,0
4872,syncs,0,0
4873,muser,0,0
4874,excon,0,0
4875,hoars,0,0
4876,sibyl,0,0
4877,passe,0,0
4878,joeys,0,0
4879,lotsa,0,0
4880,lepta,0,0
4881,shays,0,0
4882,bocks,0,0
4883,endue,0,0
4884,darer,0,0
4885,nones,0,0
4886,ileus,0,0
4887,plash,0,0
4888,busby,0,0
4889,wheal,0,0
4890,buffo,0,0
4891,yobbo,0,0
4892,biles,0,0
4893,poxes,0,0
4894,rooty,0,0
4895,licit,0,0
4896,terce,0,0
4897,bromo,0,0
4898,hayey,0,0
4899,dweeb,0,0
4900,imbed,0,0
4901,saran,0,0
4902,bruit,0,0
4903,punky,0,0
4904,softs,0,0
4905,biffs,0,0
4906,loppy,0,0
4907,agars,0,0
4908,aquae,0,0
4909,livre,0,0
4910,biome,0,0
4911,bunds,0,0
4912,shews,0,0
4913,diems,0,0
4914,ginny,0,0
4915,degum,0,0
4916,polos,0,0
4917,desex,0,0
4918,unman,0,0
4919,dungy,0,0
4920,vitam,0,0
4921,wedgy,0,0
4922,glebe,0,0
4923,apers,0,0
4924,ridgy,0,0
4925,roids,0,0
4926,wifey,0,0
4927,vapes,0,0
4928,whoas,0,0
4929,bunko,0,0
4930,yolky,0,0
4931,ulnas,0,0
4932,reeky,0,0
4933,bodge,0,0
4934,brant,0,0
4935,davit,0,0
4936,deque,0,0
4937,liker,0,0
4938,jenny,0,0
4939,tacts,0,0
4940,fulls,0,0
4941,treap,0,0
4942,ligne,0,0
4943,acked,0,0
4944,refry,0,0
4945,vower,0,0
4946,aargh,0,0
4947,churl,0,0
4948,momma,0,0
4949,gaols,0,0
4950,whump,0,0
4951,arras,0,0
4952,marls,0,0
4953,tiler,0,0
4954,grogs,0,0
4955,memes,0,0
4956,midis,0,0
4957,tided,0,0
4958,haler,0,0
4959,duces,0,0
4960,twiny,0,0
4961,poste,0,0
4962,unrig,0,0
4963,prise,0,0
4964,drabs,0,0
4965,quids,0,0
4966,facer,0,0
4967,spier,0,0
4968,baric,0,0
4969,geoid,0,0
4970,remap,0,0
4971,trier,0,0
4972,gunks,0,0
4973,steno,0,0
4974,stoma,0,0
4975,airer,0,0
4976,ovate,0,0
4977,torah,0,0
4978,apian,0,0
4979,smuts,0,0
4980,pocks,0,0
4981,yurts,0,0
4982,exurb,0,0
4983,defog,0,0
4984,nuder,0,0
4985,bosky,0,0
4986,nimbi,0,0
4987,mothy,0,0
4988,joyed,0,0
4989,labia,0,0
4990,pards,0,0
4991,jammy,0,0
4992,bigly,0,0
4993,faxer,0,0
4994,hoppy,0,0
4995,nurbs,0,0
4996,cotes,0,0
4997,dishy,0,0
4998,vised,0,0
4999,celeb,0,0
5000,pismo,0,0
5001,casas,0,0
5002,withs,0,0
5003,dodgy,0,0
5004,scudi,0,0
5005,mungs,0,0
5006,muons,0,0
5007,ureas,0,0
5008,ioctl,0,0
5009,unhip,0,0
5010,krone,0,0
5011,sager,0,0
5012,verst,0,0
5013,expat,0,0
5014,gronk,0,0
5015,uvula,0,0
5016,shawm,0,0
5017,bilgy,0,0
5018,braes,0,0
5019,cento,0,0
5020,webby,0,0
5021,lippy,0,0
5022,gamic,0,0
5023,lordy,0,0
5024,mazed,0,0
5025,tings,0,0
5026,shoat,0,0
5027,faery,0,0
5028,wirer,0,0
5029,diazo,0,0
5030,carer,0,0
5031,rater,0,0
5032,greps,0,0
5033,rente,0,0
5034,zloty,0,0
5035,viers,0,0
5036,unapt,0,0
5037,poops,0,0
5038,fecal,0,0
5039,kepis,0,0
5040,taxon,0,0
5041,eyers,0,0
5042,wonts,0,0
5043,spina,0,0
5044,stoae,0,0
5045,yenta,0,0
5046,pooey,0,0
5047,buret,0,0
5048,japan,0,0
5049,bedew,0,0
5050,hafts,0,0
5051,selfs,0,0
5052,oared,0,0
5053,herby,0,0
5054,pryer,0,0
5055,oakum,0,0
5056,dinks,0,0
5057,titty,0,0
5058,sepoy,0,0
5059,penes,0,0
5060,fusee,0,0
5061,winey,0,0
5062,gimps,0,0
5063,nihil,0,0
5064,rille,0,0
5065,giber,0,0
5066,ousel,0,0
5067,umiak,0,0
5068,cuppy,0,0
5069,hames,0,0
5070,shits,0,0
5071,azine,0,0
5072,glads,0,0
5073,tacet,0,0
5074,bumph,0,0
5075,coyer,0,0
5076,honky,0,0
5077,gamer,0,0
5078,gooky,0,0
5079,waspy,0,0
5080,sedgy,0,0
5081,bents,0,0
5082,varia,0,0
5083,djinn,0,0
5084,junco,0,0
5085,pubic,0,0
5086,wilco,0,0
5087,lazes,0,0
5088,idyls,0,0
5089,lupus,0,0
5090,rives,0,0
5091,snood,0,0
5092,schmo,0,0
5093,spazz,0,0
5094,finis,0,0
5095,noter,0,0
5096,pavan,0,0
5097,orbed,0,0
5098,bates,0,0
5099,pipet,0,0
5100,baddy,0,0
5101,goers,0,0
5102,shako,0,0
5103,stets,0,0
5104,sebum,0,0
5105,seeth,0,0
5106,lobar,0,0
5107,raver,0,0
5108,ajuga,0,0
5109,riced,0,0
5110,velds,0,0
5111,dribs,0,0
5112,ville,0,0
5113,dhows,0,0
5114,unsew,0,0
5115,halma,0,0
5116,krona,0,0
5117,limby,0,0
5118,jiffs,0,0
5119,treys,0,0
5120,bauds,0,0
5121,pffft,0,0
5122,mimer,0,0
5123,plebs,0,0
5124,caner,0,0
5125,jiber,0,0
5126,cuppa,0,0
5127,washy,0,0
5128,chuff,0,0
5129,unarm,0,0
5130,yukky,0,0
5131,styes,0,0
5132,waker,0,0
5133,flaks,0,0
5134,maces,0,0
5135,rimes,0,0
5136,gimpy,0,0
5137,guano,0,0
5138,liras,0,0
5139,kapok,0,0
5140,scuds,0,0
5141,bwana,0,0
5142,oring,0,0
5143,aider,0,0
5144,prier,0,0
5145,klugy,0,0
5146,monte,0,0
5147,golem,0,0
5148,velar,0,0
5149,firer,0,0
5150,pieta,0,0
5151,umbel,0,0
5152,campo,0,0
5153,unpeg,0,0
5154,fovea,0,0
5155,abeam,0,0
5156,boson,0,0
5157,asker,0,0
5158,goths,0,0
5159,vocab,0,0
5160,vined,0,0
5161,trows,0,0
5162,tikis,0,0
5163,loper,0,0
5164,indie,0,0
5165,boffs,0,0
5166,spang,0,0
5167,grapy,0,0
5168,tater,0,0
5169,ichor,0,0
5170,kilty,0,0
5171,lochs,0,0
5172,supes,0,0
5173,degas,0,0
5174,flics,0,0
5175,torsi,0,0
5176,beths,0,0
5177,weber,0,0
5178,resaw,0,0
5179,lawny,0,0
5180,coven,0,0
5181,mujik,0,0
5182,relet,0,0
5183,therm,0,0
5184,heigh,0,0
5185,shnor,0,0
5186,trued,0,0
5187,zayin,0,0
5188,liest,0,0
5189,barfs,0,0
5190,bassi,0,0
5191,qophs,0,0
5192,roily,0,0
5193,flabs,0,0
5194,punny,0,0
5195,okras,0,0
5196,hanks,0,0
5197,dipso,0,0
5198,nerfs,0,0
5199,fauns,0,0
5200,calla,0,0
5201,pseud,0,0
5202,lurer,0,0
5203,magus,0,0
5204,obeah,0,0
5205,atria,0,0
5206,twink,0,0
5207,palmy,0,0
5208,pocky,0,0
5209,pends,0,0
5210,recta,0,0
5211,plonk,0,0
5212,slaws,0,0
5213,keens,0,0
5214,nicad,0,0
5215,pones,0,0
5216,inker,0,0
5217,whews,0,0
5218,groks,0,0
5219,mosts,0,0
5220,trews,0,0
5221,ulnar,0,0
5222,gyppy,0,0
5223,cocas,0,0
5224,expos,0,0
5225,eruct,0,0
5226,oiler,0,0
5227,vacua,0,0
5228,dreck,0,0
5229,dater,0,0
5230,arums,0,0
5231,tubal,0,0
5232,voxel,0,0
5233,dixit,0,0
5234,beery,0,0
5235,assai,0,0
5236,lades,0,0
5237,actin,0,0
5238,ghoti,0,0
5239,buzzy,0,0
5240,meads,0,0
5241,grody,0,0
5242,ribby,0,0
5243,clews,0,0
5244,creme,0,0
5245,email,0,0
5246,pyxie,0,0
5247,kulak,0,0
5248,bocci,0,0
5249,rived,0,0
5250,duddy,0,0
5251,hoper,0,0
5252,lapin,0,0
5253,wonks,0,0
5254,petri,0,0
5255,phial,0,0
5256,fugal,0,0
5257,holon,0,0
5258,boomy,0,0
5259,duomo,0,0
5260,musos,0,0
5261,shier,0,0
5262,hayer,0,0
5263,porgy,0,0
5264,hived,0,0
5265,litho,0,0
5266,fisty,0,0
5267,stagy,0,0
5268,luvya,0,0
5269,maria,0,0
5270,smogs,0,0
5271,asana,0,0
5272,yogic,0,0
5273,slomo,0,0
5274,fawny,0,0
5275,amine,0,0
5276,wefts,0,0
5277,gonad,0,0
5278,twirp,0,0
5279,brava,0,0
5280,plyer,0,0
5281,fermi,0,0
5282,loges,0,0
5283,niter,0,0
5284,revet,0,0
5285,unate,0,0
5286,gyved,0,0
5287,totty,0,0
5288,zappy,0,0
5289,honer,0,0
5290,giros,0,0
5291,dicer,0,0
5292,calks,0,0
5293,luxes,0,0
5294,monad,0,0
5295,cruft,0,0
5296,quoin,0,0
5297,fumer,0,0
5298,amped,0,0
5299,shlep,0,0
5300,vinca,0,0
5301,yahoo,0,0
5302,vulva,0,0
5303,zooey,0,0
5304,dryad,0,0
5305,nixie,0,0
5306,moper,0,0
5307,iambs,0,0
5308,lunes,0,0
5309,nudie,0,0
5310,limns,0,0
5311,weals,0,0
5312,nohow,0,0
5313,miaow,0,0
5314,gouts,0,0
5315,mynas,0,0
5316,mazer,0,0
5317,kikes,0,0
5318,oxeye,0,0
5319,stoup,0,0
5320,jujus,0,0
5321,debar,0,0
5322,pubes,0,0
5323,taels,0,0
5324,defun,0,0
5325,rands,0,0
5326,blear,0,0
5327,paver,0,0
5328,goosy,0,0
5329,sprog,0,0
5330,oleos,0,0
5331,toffy,0,0
5332,pawer,0,0
5333,maced,0,0
5334,crits,0,0
5335,kluge,0,0
5336,tubed,0,0
5337,sahib,0,0
5338,ganef,0,0
5339,scats,0,0
5340,sputa,0,0
5341,vaned,0,0
5342,acned,0,0
5343,taxol,0,0
5344,plink,0,0
5345,oweth,0,0
5346,tribs,0,0
5347,resay,0,0
5348,boule,0,0
5349,thous,0,0
5350,haply,0,0
5351,glans,0,0
5352,maxis,0,0
5353,bezel,0,0
5354,antis,0,0
5355,porks,0,0
5356,quoit,0,0
5357,alkyd,0,0
5358,glary,0,0
5359,beamy,0,0
5360,hexad,0,0
5361,bonks,0,0
5362,tecum,0,0
5363,kerbs,0,0
5364,filar,0,0
5365,frier,0,0
5366,redux,0,0
5367,abuzz,0,0
5368,fader,0,0
5369,shoer,0,0
5370,couth,0,0
5371,trues,0,0
5372,guyed,0,0
5373,goony,0,0
5374,booky,0,0
5375,fuzes,0,0
5376,hurly,0,0
5377,genet,0,0
5378,hodad,0,0
5379,calix,0,0
5380,filer,0,0
5381,pawls,0,0
5382,iodic,0,0
5383,utero,0,0
5384,henge,0,0
5385,unsay,0,0
5386,liers,0,0
5387,piing,0,0
5388,weald,0,0
5389,sexed,0,0
5390,folic,0,0
5391,poxed,0,0
5392,cunts,0,0
5393,anile,0,0
5394,kiths,0,0
5395,becks,0,0
5396,tatty,0,0
5397,plena,0,0
5398,rebar,0,0
5399,abled,0,0
5400,toyer,0,0
5401,attar,0,0
5402,teaks,0,0
5403,aioli,0,0
5404,awing,0,0
5405,anent,0,0
5406,feces,0,0
5407,redip,0,0
5408,wists,0,0
5409,prats,0,0
5410,mesne,0,0
5411,muter,0,0
5412,smurf,0,0
5413,owest,0,0
5414,bahts,0,0
5415,lossy,0,0
5416,ftped,0,0
5417,hunky,0,0
5418,hoers,0,0
5419,slier,0,0
5420,sicks,0,0
5421,fatly,0,0
5422,delft,0,0
5423,hiver,0,0
5424,himbo,0,0
5425,pengo,0,0
5426,busks,0,0
5427,loxes,0,0
5428,zonks,0,0
5429,ilium,0,0
5430,aport,0,0
5431,ikons,0,0
5432,mulct,0,0
5433,reeve,0,0
5434,civvy,0,0
5435,canna,0,0
5436,barfy,0,0
5437,kaiak,0,0
5438,scudo,0,0
5439,knout,0,0
5440,gaper,0,0
5441,bhang,0,0
5442,pease,0,0
5443,uteri,0,0
5444,lases,0,0
5445,paten,0,0
5446,rasae,0,0
5447,axels,0,0
5448,stoas,0,0
5449,ombre,0,0
5450,styli,0,0
5451,gunky,0,0
5452,hazer,0,0
5453,kenaf,0,0
5454,ahoys,0,0
5455,ammos,0,0
5456,weeny,0,0
5457,urger,0,0
5458,kudzu,0,0
5459,paren,0,0
5460,bolos,0,0
5461,fetor,0,0
5462,nitty,0,0
5463,techy,0,0
5464,lieth,0,0
5465,somas,0,0
5466,darky,0,0
5467,villi,0,0
5468,gluon,0,0
5469,janes,0,0
5470,cants,0,0
5471,farts,0,0
5472,socle,0,0
5473,jinns,0,0
5474,ruing,0,0
5475,slily,0,0
5476,ricer,0,0
5477,hadda,0,0
5478,wowee,0,0
5479,rices,0,0
5480,nerts,0,0
5481,cauls,0,0
5482,swive,0,0
5483,lilty,0,0
5484,micks,0,0
5485,arity,0,0
5486,pasha,0,0
5487,finif,0,0
5488,oinky,0,0
5489,gutty,0,0
5490,tetra,0,0
5491,wises,0,0
5492,wolds,0,0
5493,balds,0,0
5494,picot,0,0
5495,whats,0,0
5496,shiki,0,0
5497,bungs,0,0
5498,snarf,0,0
5499,legos,0,0
5500,dungs,0,0
5501,stogy,0,0
5502,berms,0,0
5503,tangs,0,0
5504,vails,0,0
5505,roods,0,0
5506,morel,0,0
5507,sware,0,0
5508,elans,0,0
5509,latus,0,0
5510,gules,0,0
5511,razer,0,0
5512,doxie,0,0
5513,buena,0,0
5514,overs,0,0
5515,gutta,0,0
5516,zincs,0,0
5517,nates,0,0
5518,kirks,0,0
5519,tikes,0,0
5520,donee,0,0
5521,jerry,0,0
5522,mohel,0,0
5523,ceder,0,0
5524,doges,0,0
5525,unmap,0,0
5526,folia,0,0
5527,rawly,0,0
5528,snark,0,0
5529,topoi,0,0
5530,ceils,0,0
5531,immix,0,0
5532,yores,0,0
5533,diest,0,0
5534,bubba,0,0
5535,pomps,0,0
5536,forky,0,0
5537,turdy,0,0
5538,lawzy,0,0
5539,poohs,0,0
5540,worts,0,0
5541,gloms,0,0
5542,beano,0,0
5543,muley,0,0
5544,barky,0,0
5545,tunny,0,0
5546,auric,0,0
5547,funks,0,0
5548,gaffs,0,0
5549,cordy,0,0
5550,curdy,0,0
5551,lisle,0,0
5552,toric,0,0
5553,soyas,0,0
5554,reman,0,0
5555,mungy,0,0
5556,carpy,0,0
5557,apish,0,0
5558,oaten,0,0
5559,gappy,0,0
5560,aurae,0,0
5561,bract,0,0
5562,rooky,0,0
5563,axled,0,0
5564,burry,0,0
5565,sizer,0,0
5566,proem,0,0
5567,turfy,0,0
5568,impro,0,0
5569,mashy,0,0
5570,miens,0,0
5571,nonny,0,0
5572,olios,0,0
5573,grook,0,0
5574,sates,0,0
5575,agley,0,0
5576,corgi,0,0
5577,dashy,0,0
5578,doser,0,0
5579,dildo,0,0
5580,apsos,0,0
5581,xored,0,0
5582,laker,0,0
5583,playa,0,0
5584,selah,0,0
5585,malty,0,0
5586,dulse,0,0
5587,frigs,0,0
5588,demit,0,0
5589,whoso,0,0
5590,rials,0,0
5591,sawer,0,0
5592,spics,0,0
5593,bedim,0,0
5594,snugs,0,0
5595,fanin,0,0
5596,azoic,0,0
5597,icers,0,0
5598,suers,0,0
5599,wizen,0,0
5600,koine,0,0
5601,topos,0,0
5602,shirr,0,0
5603,rifer,0,0
5604,feral,0,0
5605,laded,0,0
5606,lased,0,0
5607,turds,0,0
5608,swede,0,0
5609,easts,0,0
5610,cozen,0,0
5611,unhit,0,0
5612,pally,0,0
5613,aitch,0,0
5614,sedum,0,0
5615,coper,0,0
5616,ruche,0,0
5617,geeks,0,0
5618,swags,0,0
5619,etext,0,0
5620,algin,0,0
5621,offed,0,0
5622,ninja,0,0
5623,holer,0,0
5624,doter,0,0
5625,toter,0,0
5626,besot,0,0
5627,dicut,0,0
5628,macer,0,0
5629,peens,0,0
5630,pewit,0,0
5631,redox,0,0
5632,poler,0,0
5633,yecch,0,0
5634,fluky,0,0
5635,doeth,0,0
5636,twats,0,0
5637,cruds,0,0
5638,bebug,0,0
5639,bider,0,0
5640,stele,0,0
5641,hexer,0,0
5642,wests,0,0
5643,gluer,0,0
5644,pilau,0,0
5645,abaft,0,0
5646,whelm,0,0
5647,lacer,0,0
5648,inode,0,0
5649,tabus,0,0
5650,gator,0,0
5651,cuing,0,0
5652,refly,0,0
5653,luted,0,0
5654,cukes,0,0
5655,bairn,0,0
5656,bight,0,0
5657,arses,0,0
5658,crump,0,0
5659,loggy,0,0
5660,blini,0,0
5661,spoor,0,0
5662,toyon,0,0
5663,harks,0,0
5664,wazoo,0,0
5665,fenny,0,0
5666,naves,0,0
5667,keyer,0,0
5668,tufas,0,0
5669,morph,0,0
5670,rajas,0,0
5671,typal,0,0
5672,spiff,0,0
5673,oxlip,0,0
5674,unban,0,0
5675,mussy,0,0
5676,finny,0,0
5677,rimer,0,0
5678,login,0,0
5679,molas,0,0
5680,cirri,0,0
5681,huzza,0,0
5682,agone,0,0
5683,unsex,0,0
5684,unwon,0,0
5685,peats,0,0
5686,toile,0,0
5687,zombi,0,0
5688,dewed,0,0
5689,nooky,0,0
5690,alkyl,0,0
5691,ixnay,0,0
5692,dovey,0,0
5693,holey,0,0
5694,cuber,0,0
5695,amyls,0,0
5696,podia,0,0
5697,chino,0,0
5698,apnea,0,0
5699,prims,0,0
5700,lycra,0,0
5701,johns,0,0
5702,primo,0,0
5703,fatwa,0,0
5704,egger,0,0
5705,hempy,0,0
5706,snook,0,0
5707,hying,0,0
5708,fuzed,0,0
5709,barms,0,0
5710,crink,0,0
5711,moots,0,0
5712,yerba,0,0
5713,rhumb,0,0
5714,unarc,0,0
5715,direr,0,0
5716,munge,0,0
5717,eland,0,0
5718,nares,0,0
5719,wrier,0,0
5720,noddy,0,0
5721,atilt,0,0
5722,jukes,0,0
5723,ender,0,0
5724,thens,0,0
5725,unfix,0,0
5726,doggo,0,0
5727,zooks,0,0
5728,diddy,0,0
5729,shmoo,0,0
5730,brusk,0,0
5731,prest,0,0
5732,curer,0,0
5733,pasts,0,0
5734,kelpy,0,0
5735,bocce,0,0
5736,kicky,0,0
5737,taros,0,0
5738,lings,0,0
5739,dicky,0,0
5740,nerdy,0,0
5741,abend,0,0
5742,stela,0,0
5743,biggy,0,0
5744,laved,0,0
5745,baldy,0,0
5746,pubis,0,0
5747,gooks,0,0
5748,wonky,0,0
5749,stied,0,0
5750,hypos,0,0
5751,assed,0,0
5752,spumy,0,0
5753,osier,0,0
5754,roble,0,0
5755,rumba,0,0
5756,biffy,0,0
5757,pupal,0,0